fournisseur;ID_fournisseurs;Nom de l'agence;CP;ville;Latitude ville;Longitude ville;region;Pays;adresse complete;latitude (fournisseur);longitude (fournisseur);Email;Produit 
LOXAM ;Lo;CORNER LOXAM - STARMAT ADMC;91000;AVRAINVILLE;48.5623782;2.247154;ILE DE FRANCE;France ;Route Departementale 449, 91630, France;48.561650586489776;2.2633493770918305;mounir.amraoui@loxam.fr;PETITS ENGINS
LOXAM ;Lo;LOXAM RENTAL FONTENAY TRESIGNY;77000;FONTENAY TRESIGNY;48.7100369;2.8722456;ILE DE FRANCE;France ;Z.A.E. Fregy, 77610, France;48.70024285071656;2.888009271955614;mounir.amraoui@loxam.fr;PETITS ENGINS
LOXAM ;Lo;CREMAILLÈRES LOXAM LAHO TEC;93000;BOBIGNY;48.906387;2.4452231;ILE DE FRANCE;France ;109, rue Benoit Frachon, 93000, France;48.90164210914011;2.4305636417833854;mounir.amraoui@loxam.fr;PETITS ENGINS
LOXAM ;Lo;LOXAM ACCESS PARIS NORD AULNAY;93000;AULNAY SOUS BOIS;48.934231;2.499789;ILE DE FRANCE;France ;4 Rue Jean Chaptal - ZI De La Garenne, 93600, France;48.94599867980373;2.485021277510774;mounir.amraoui@loxam.fr;PETITS ENGINS
LOXAM ;Lo;LOXAM ACCESS PARIS SUD CHILLY;91000;CHILLY MAZARIN;48.7026161;2.3123582;ILE DE FRANCE;France ;14 Bis Rue Denis Papin - ZA La Vigne Aux Loups, 91380, France;48.708874494059735;2.306601387299452;mounir.amraoui@loxam.fr;PETITS ENGINS
LOXAM ;Lo;CORNER LOXAM - STARMAT LE HOLLOCO;95000;EZANVILLE;49.031707;2.361889;ILE DE FRANCE;France ;12 avenue Jean Rostand, 95460, France;49.044744747713025;2.3771352825624033;mounir.amraoui@loxam.fr;PETITS ENGINS
LOXAM ;Lo;CORNER LOXAM - STARMAT L'ISLE ADAM;95000;L'ISLE ADAM;49.1125294;2.2186324;ILE DE FRANCE;France ;3 avenue Napoleon 1er, 95290, France;49.12714211157688;2.2444251044683865;mounir.amraoui@loxam.fr;PETITS ENGINS
LOXAM ;Lo;CORNER LOXAM - STARMAT HERBLAY;95000;HERBLAY;48.9898588;2.166162;ILE DE FRANCE;France ;403 route de conflans, 95220, France;49.00616093560518;2.1362419197928144;mounir.amraoui@loxam.fr;PETITS ENGINS
LOXAM ;Lo;LOXAM CITY REPUBLIQUE;75000;PARIS;48.8534951;2.3483915;ILE DE FRANCE;France ;121 Boulevard Richard Lenoir, 75011, France;48.86573529052718;2.3706623100501765;mounir.amraoui@loxam.fr;PETITS ENGINS
LOXAM ;Lo;LOXAM CITY PORTE DOREE;75000;PARIS;48.8534951;2.3483915;ILE DE FRANCE;France ;59 Boulevard Poniatowski, 75012, France;48.83465054100867;2.408331977440526;mounir.amraoui@loxam.fr;PETITS ENGINS
LOXAM ;Lo;LOXAM ACCESS PARIS SUD BONDOUFLE;91000;BONDOUFLE;48.6103845;2.3655279;ILE DE FRANCE;France ;22 bis rue Gustave Eiffel, 91070, France;48.62289101633038;2.376629279362495;mounir.amraoui@loxam.fr;PETITS ENGINS
LOXAM ;Lo;CORNER LOXAM - BRICOR MAULE;78000;MAULE;48.9079595;1.8505364;ILE DE FRANCE;France ;59 Boulevard Paul Barre, 78580, France;48.91187336562604;1.8545504333041334;mounir.amraoui@loxam.fr;PETITS ENGINS
LOXAM ;Lo;CORNER LOXAM - BRICORAMA NEMOURS;77000;NEMOURS;48.2385017;2.7820919;ILE DE FRANCE;France ;21 Rue d'Egreville, 77140, France;48.26489649919999;2.715234393868795;mounir.amraoui@loxam.fr;PETITS ENGINS
LOXAM ;Lo;CORNER LOXAM - BRICORAMA ORGEVAL;78000;ORGEVAL;48.9175;1.96982;ILE DE FRANCE;France ;2900 Route de Quarante Sous, 78630, France;48.9333836261541;1.9691540417542324;mounir.amraoui@loxam.fr;PETITS ENGINS
LOXAM ;Lo;CORNER LOXAM - BRICORAMA RAMBOUILLET;78000;RAMBOUILLET;48.6452851;1.819207;ILE DE FRANCE;France ;26 Rue Gustave Eiffel, 78120, France;48.626790278893765;1.8267002393712883;mounir.amraoui@loxam.fr;PETITS ENGINS
LOXAM ;Lo;CORNER LOXAM - GEDIMAT ECUELLES;77000;ECUELLES;48.352101;2.7936471;ILE DE FRANCE;France ;29 Avenue de Sens, 77250, France;48.37081128134868;2.8299912068391433;mounir.amraoui@loxam.fr;PETITS ENGINS
LOXAM ;Lo;CORNER LOXAM - CASTORAMA VILLABE;91000;VILLABE;48.5885996;2.4544951;ILE DE FRANCE;France ;ZAC des Brateaux - 1 rue de la Plaine, 91100, France;48.58839238168028;2.445042364896725;mounir.amraoui@loxam.fr;PETITS ENGINS
LOXAM ;Lo;CORNER LOXAM - BRICOCASH MORMANT;77000;MORMANT;48.6136858;2.8889649;ILE DE FRANCE;France ;rue Lavoisier, 77720, France;48.61378210448002;2.881298726409369;mounir.amraoui@loxam.fr;PETITS ENGINS
LOXAM ;Lo;CORNER LOXAM - BRICOMARCHE DOURDAN;91000;DOURDAN;48.5288442;2.0153689;ILE DE FRANCE;France ;42 rue Raymond Laubier, 91410, France;48.52721406195057;2.022278226233344;mounir.amraoui@loxam.fr;PETITS ENGINS
LOXAM ;Lo;CORNER LOXAM - WELDOM ONCY SUR ECOLE;91000;ONCY SURECOLE;48.383062;2.4697864;ILE DE FRANCE;France ;Grande Rue, 91490, France;48.39275770648814, 2.467268857478426;2.467268857478426;mounir.amraoui@loxam.fr;PETITS ENGINS
LOXAM ;Lo;CORNER LOXAM - WELDOM BREUILLET;91000;BREUILLET;48.5668797;2.1729461;ILE DE FRANCE;France ;2 rue du Buisson Rondeau, 91650, France;48.56885136160917;2.1647323709825375;mounir.amraoui@loxam.fr;PETITS ENGINS
LOXAM ;Lo;CORNER LOXAM - CASTORAMA MELUN;77000;MELUN;48.539927;2.6608169;ILE DE FRANCE;France ;Z.a.c du champs de foire, 77000, France;48.55616007480071;2.6386287859626867;mounir.amraoui@loxam.fr;PETITS ENGINS
LOXAM ;Lo;CORNER LOXAM - CASTORAMA GONESSE;95000;GONESSE;48.9863555;2.4500537;ILE DE FRANCE;France ;Z.I. De Paris Nord Ii, 95700, France;48.9770370460058;2.4959546073762326;mounir.amraoui@loxam.fr;PETITS ENGINS
LOXAM ;Lo;CORNER LOXAM - BRICORAMA MAREUIL;77000;MAREUIL LES MEAUX;48.9267289;2.8634773;ILE DE FRANCE;France ;10 Avenue de la Haute Borne, 77100, France;48.937241619068594;2.8765965436141476;mounir.amraoui@loxam.fr;PETITS ENGINS
LOXAM ;Lo;LOXAM CITY SÈVRES;92000;SEVRES;48.8247407;2.2127083;ILE DE FRANCE;France ;9 Grande Rue, 92310, France;48.82712685259328;2.223379431479252;mounir.amraoui@loxam.fr;PETITS ENGINS
LOXAM ;Lo;LOXAM CITY PORTE D'ASNIÈRES;75000;PARIS;48.8534951;2.3483915;ILE DE FRANCE;France ;204 Boulevard Malesherbes, 75017, France;48.896573992689206;2.3232063025033094;mounir.amraoui@loxam.fr;PETITS ENGINS
LOXAM ;Lo;LOXAM CITY NOISY-LE-SEC;93000;NOISY LE SEC;48.8897751;2.4516055;ILE DE FRANCE;France ;74 rue de Paris, 93130, France;48.90032756447757;2.45322826825217;mounir.amraoui@loxam.fr;PETITS ENGINS
LOXAM ;Lo;LOXAM NEMOURS;77000;NEMOURS;48.2385017;2.7820919;ILE DE FRANCE;France ;Route De Lyon, 77140, France;48.2576575607125;2.702191360315213;mounir.amraoui@loxam.fr;PETITS ENGINS
LOXAM ;Lo;LOXAM CITY PORTE DE ST-CLOUD;92000;BOULOGNE BILLANCOURT;48.8356649;2.240206;ILE DE FRANCE;France ;3 route de la Reine, Manquant, France;48.838704709551855;2.251790063612563;mounir.amraoui@loxam.fr;PETITS ENGINS
LOXAM ;Lo;LOXAM CITY PORTE DE CLIGNANCOURT;75000;PARIS;48.8534951;2.3483915;ILE DE FRANCE;France ;67 boulevard Ney, 75018, France;48.89755309060851;2.356644752258281;mounir.amraoui@loxam.fr;PETITS ENGINS
LOXAM ;Lo;LOXAM CITY PORTE DE BRANCION;75000;PARIS;48.8534951;2.3483915;ILE DE FRANCE;France ;3 avenue de la Porte Brancion, 75015, France;48.829460383794604;2.303912958930423;mounir.amraoui@loxam.fr;PETITS ENGINS
LOXAM ;Lo;LOXAM CITY BATIGNOLLES;75000;PARIS;48.8534951;2.3483915;ILE DE FRANCE;France ;149 Rue de Rome, 75017 Paris, France;48.89062509684157;2.338897153331567;mounir.amraoui@loxam.fr;PETITS ENGINS
LOXAM ;Lo;LOXAM CITY GRENELLE;75000;PARIS;48.8534951;2.3483915;ILE DE FRANCE;France ;95 boulevard de Grenelle, Paris, France;48.85192330077754;2.299676827182587;mounir.amraoui@loxam.fr;PETITS ENGINS
LOXAM ;Lo;LOXAM ROSNY SOUS BOIS;93000;ROSNY SOUS BOIS;48.8716626;2.4875193;ILE DE FRANCE;France ;89 Boulevard Alsace Lorraine, 93110, France;48.88511016216042;2.4842269288210406;mounir.amraoui@loxam.fr;PETITS ENGINS
LOXAM ;Lo;LOXAM MORANGIS;91000;MORANGIS;48.7022956;2.3367599;ILE DE FRANCE;France ;4 avenue Gay Lussac - ZI Val - Angle, 91420, France;48.70364752857691;2.3418806534348637;mounir.amraoui@loxam.fr;PETITS ENGINS
LOXAM ;Lo;LOXAM CITY MONTPARNASSE;75000;PARIS;48.8534951;2.3483915;ILE DE FRANCE;France ;50 Boulevard Pasteur, 75015, France;48.841425464236735;2.31453369893984;mounir.amraoui@loxam.fr;PETITS ENGINS
LOXAM ;Lo;LOXAM ROISSY;95000;ROISSY;49.0068908;2.571082;ILE DE FRANCE;France ;6 Route De L'arpenteur - Zone Flexitech, 95700, France;49.0113611272218;2.5163445013077217;mounir.amraoui@loxam.fr;PETITS ENGINS
LOXAM ;Lo;LOXAM COIGNIÈRES;78000;COIGNIERES;48.7671468;1.9193679;ILE DE FRANCE;France ;28 Avenue De La Gare, 78310, France;48.742586813641985;1.9181344738018615;mounir.amraoui@loxam.fr;PETITS ENGINS
LOXAM ;Lo;LOXAM ATHIS-MONS;91000;ATHIS MONS;48.7079878;2.3888044;ILE DE FRANCE;France ;2 Rue du Jacanna - ZI, 91200, France;48.72205645424497;2.404128581931766;mounir.amraoui@loxam.fr;PETITS ENGINS
LOXAM ;Lo;LOXAM LES MUREAUX;78000;LES MUREAUX;48.9931578;1.909928;ILE DE FRANCE;France ;7 Rue Descartes - ZI Des Garennes, 78130, France;48.98234834570825;1.894904833330973;mounir.amraoui@loxam.fr;PETITS ENGINS
LOXAM ;Lo;LOXAM ARPAJON;91000;ARPAJON;48.5902899;2.2477303;ILE DE FRANCE;France ;30 Chemin De Chevreuse - ZA Les Belles Vues 3, 91290, France;48.59914729040562;2.2378189007915723;mounir.amraoui@loxam.fr;PETITS ENGINS
LOXAM ;Lo;LOXAM AULNAY SOUS BOIS;93000;AULNAY SOUS BOIS;48.934231;2.499789;ILE DE FRANCE;France ;10 Rue Jean Chaptal - ZI De La Garenne, 93600, France;48.94603077252104;2.4850439910028927;mounir.amraoui@loxam.fr;PETITS ENGINS
LOXAM ;Lo;LOXAM PORTE DE BAGNOLET;93000;MONTREUIL;48.8623357;2.4412184;ILE DE FRANCE;France ;202 Boulevard Chanzy, 93100, France;48.859806566061344;2.4254652812142155;mounir.amraoui@loxam.fr;PETITS ENGINS
LOXAM ;Lo;LOXAM MANTES LA JOLIE;78000;LIMAY;48.9921015;1.7353686;ILE DE FRANCE;France ;10 rue Fernand Forest, 78520, France;48.98966540497731;1.759623783065936;mounir.amraoui@loxam.fr;PETITS ENGINS
LOXAM ;Lo;LOXAM NANTERRE;92000;NANTERRE;48.8924273;2.2071267;ILE DE FRANCE;France ;2 Rue Lavoisier, 92000, France;48.894493575698256;2.174016329627532;mounir.amraoui@loxam.fr;PETITS ENGINS
LOXAM ;Lo;LOXAM VELIZY;78000;VELIZY VILLACOUBLAY;48.7809496;2.1900052;ILE DE FRANCE;France ;63 Avenue De L'europe, 78140, France;48.7792337729235;2.20892590554054;mounir.amraoui@loxam.fr;PETITS ENGINS
LOXAM ;Lo;LOXAM MELUN LE MEE;77000;LE MEE SUR SEINE;48.5408681;2.6262121;ILE DE FRANCE;France ;Rue Jean Baptiste Colbert, 77350, France;48.55189498647556, 2.634292206346734;2.634292206346734;mounir.amraoui@loxam.fr;PETITS ENGINS
LOXAM ;Lo;CORNER LOXAM - MR.BRICOLAGE ANGERVILLE;91000;ANGERVILLE;48.3106704;1.9979775;ILE DE FRANCE;France ;8 Rue des Artisans, 91670, France;48.317324996381984;2.0003996107592803;mounir.amraoui@loxam.fr;PETITS ENGINS
LOXAM ;Lo;CORNER LOXAM - BRICOMARCHE VILLECRESNES;94000;VILLECRESNES;48.7208822;2.5327265;ILE DE FRANCE;France ;54 Rue de Brunoy, 94440, France;48.712893512276004;2.538307254605788;mounir.amraoui@loxam.fr;PETITS ENGINS
LOXAM ;Lo;CORNER LOXAM - BRICOMARCHE MAULETTE;78000;MAULETTE;48.7914601;1.6207519;ILE DE FRANCE;France ;Route de Gambais, 78550, France;48.79237749723059;1.6292028504973515;mounir.amraoui@loxam.fr;PETITS ENGINS
LOXAM ;Lo;CORNER LOXAM - BRICOMARCHE MILLY;91000;MILLY LA FORET;48.4030;2.4643;ILE DE FRANCE;France ;ZA du Chenet - 4 Rue Des Ormes, 91490, France;48.39741420064226;2.4199528022256094;mounir.amraoui@loxam.fr;PETITS ENGINS
LOXAM ;Lo;CORNER LOXAM - LEROY MERLIN MADELEINE;75000;PARIS;48.8534951;2.3483915;ILE DE FRANCE;France ;25-27 Pl. de la Madeleine, 75008 Paris, France;48.87189529462898;2.3280039529758274;mounir.amraoui@loxam.fr;PETITS ENGINS
LOXAM ;Lo;CORNER LOXAM - MR.BRICOLAGE COULOMMIERS;77000;COULOMMIERS;48.8204017;3.2494033;ILE DE FRANCE;France ;3 Boulevard De La Marne, 77120, France;48.80451119512852;3.0881793441190526;mounir.amraoui@loxam.fr;PETITS ENGINS
LOXAM ;Lo;LOXAM ARGENTEUIL;95000;ARGENTEUIL;48.9479069;2.2481797;ILE DE FRANCE;France ;176 Route de Pontoise, 95100, France;48.951027770926935;2.207246264538186;mounir.amraoui@loxam.fr;PETITS ENGINS
LOXAM ;Lo;LOXAM GENNEVILLIERS;92000;GENNEVILLIERS;48.9254221;2.2940122;ILE DE FRANCE;France ;89 Rue Des Caboeufs, 92230, France;48.93248665273187;2.316083989370189;mounir.amraoui@loxam.fr;PETITS ENGINS
LOXAM ;Lo;LOXAM PARIS QUAI D'IVRY;94000;IVRY SUR SEINE;48.8122302;2.3872525;ILE DE FRANCE;France ;53 Quai Auguste Deshaies, 94200, France;48.81825643050414;2.4039618756326395;mounir.amraoui@loxam.fr;PETITS ENGINS
LOXAM ;Lo;LOXAM EPINAY / SEINE;93000;EPINAY SUR SEINE;48.95861;2.30361;ILE DE FRANCE;France ;129/133 Avenue De Lattre De Tassigny, 93800, France;48.95897580367522;2.30802713941621;mounir.amraoui@loxam.fr;PETITS ENGINS
LOXAM ;Lo;LOXAM RENTAL MEAUX;77000;MEAUX;48.9582708;2.8773541;ILE DE FRANCE;France ;10 Rue Jacques Daguerre, 77100, France;48.9657164066481; 2.9214174873779486;mounir.amraoui@loxam.fr;PETITS ENGINS
LOXAM ;Lo;LOXAM CITY AUBERVILLIERS;93000;AUBERVILLIERS;48.9146078;2.3821895;ILE DE FRANCE;France ;55 Bd Felix Faure - Parc du Mauvin, 93300, France;48.903839151708205;2.3834552397485305;mounir.amraoui@loxam.fr;PETITS ENGINS
LOXAM ;Lo;LOXAM BAGNEUX;92000;BAGNEUX;48.795056;2.3027323;ILE DE FRANCE;France ;134 avenue Aristide Briand, 92220, France;48.798378707284236, 2.323833389151172;2.323833389151172;mounir.amraoui@loxam.fr;PETITS ENGINS
LOXAM ;Lo;LOXAM RENTAL GOUSSAINVILLE CDG;95000;GOUSSAINVILLE;49.0323168;2.4733628;ILE DE FRANCE;France ;87 Bd General De Gaulle, 95190, France;49.02052614340148;2.471145066887957;mounir.amraoui@loxam.fr;PETITS ENGINS
LOXAM ;Lo;LOXAM RENTAL STE GENEVIÈVE;91000;SAINTE GENEVIEVE DES BOIS;48.6407872;2.3259129;ILE DE FRANCE;France ;9, rue du Petit Fief - ZAC Croix Blanche, 91700, France;48.62727900882778;2.3622778190997007;mounir.amraoui@loxam.fr;PETITS ENGINS
LOXAM ;Lo;CORNER LOXAM - WELDOM ETAMPES;91000;ETAMPES;48.4344621;2.1614464;ILE DE FRANCE;France ;50 Rue des Lys, 91150, France;48.43929028317775;2.1415784347554587;mounir.amraoui@loxam.fr;PETITS ENGINS
LOXAM ;Lo;CORNER LOXAM - LM STE GENEVIÈVE;91000;SAINTE GENEVIEVE DES BOIS;48.6407872;2.3259129;ILE DE FRANCE;France ;avenue Des Hurepoix, 91700, France;48.62462740124321;2.3418448376742482;mounir.amraoui@loxam.fr;PETITS ENGINS
LOXAM ;Lo;CORNER LOXAM - LM LOGNES;77000;LOGNES;48.8384157;2.632722;ILE DE FRANCE;France ;boulevard Du Segrais, 77185, France;48.83424632588446;2.6454421749077572;mounir.amraoui@loxam.fr;PETITS ENGINS
LOXAM ;Lo;CORNER LOXAM - LM MONTIGNY;95000;MONTIGNY LES CORMEILLES;48.98333;2.18333;ILE DE FRANCE;France ;45 boulevard Victor Bordier, 95370, France;48.99247131854016;2.198138283033558;mounir.amraoui@loxam.fr;PETITS ENGINS
LOXAM ;Lo;CORNER LOXAM - LM VITRY-SUR-SEINE;94000;VITRY SUR SEINE;48.7876;2.39164;ILE DE FRANCE;France ;52 boulevard De Stalingrad, 94400, France;48.803166568309365;2.3971493476252617;mounir.amraoui@loxam.fr;PETITS ENGINS
LOXAM ;Lo;CORNER LOXAM - CASTORAMA CLAYE;77000;CLAYE SOUILLY;48.9986182;2.8504604;ILE DE FRANCE;France ;11 Rue Jean Monnet, 77410, France;48.94980231701962;2.6652038533945728;mounir.amraoui@loxam.fr;PETITS ENGINS
LOXAM ;Lo;CORNER LOXAM - LM DAUMESNIL;75000;PARIS;48.8534951;2.3483915;ILE DE FRANCE;France ;139 avenue Daumesnil, 75012, France;48.84317991105336;2.3850356268217707;mounir.amraoui@loxam.fr;PETITS ENGINS
LOXAM ;Lo;CORNER LOXAM - LM BEAUBOURG;75000;PARIS;48.8534951;2.3483915;ILE DE FRANCE;France ;52 rue Rambuteau, 75003, France;48.864055090877216;2.3616353686478044;mounir.amraoui@loxam.fr;PETITS ENGINS
LOXAM ;Lo;CORNER LOXAM - LM ROSNY;93000;ROSNY SOUS BOIS;48.8716626;2.4875193;ILE DE FRANCE;France ;7 rue De Lisbonne - Zac De Nanteuil, 93110, France;48.879505429014856;2.4744635979886;mounir.amraoui@loxam.fr;PETITS ENGINS
LOXAM ;Lo;CORNER LOXAM - LM MADELEINE;75000;PARIS;48.8534951;2.3483915;ILE DE FRANCE;France ;Place de La Madeleine, 75008, France;48.87127864061799;2.3249426942957387;mounir.amraoui@loxam.fr;PETITS ENGINS
LOXAM ;Lo;CORNER LOXAM - MR.BRICOLAGE ACHÈRES;78000;ACHERES;48.9606321;2.0698106;ILE DE FRANCE;France ;Rue W.A. Mozart - ZAC Chemin neuf, 78260, France;48.962766048315835;2.0581878909756277;mounir.amraoui@loxam.fr;PETITS ENGINS
LOXAM ;Lo;LOXAM TRAPPES;78000;TRAPPES;48.7760957;1.9988356;ILE DE FRANCE;France ;50 Rue Roger Hennequin, 78190, France;48.764000616813554;1.9837839709932636;mounir.amraoui@loxam.fr;PETITS ENGINS
LOXAM ;Lo;LOXAM CHELLES;77000;CHELLES;48.8783804;2.590549;ILE DE FRANCE;France ;44 Avenue De La Trentaine, 77500, France;48.86943920084539; 2.5998955277758116;mounir.amraoui@loxam.fr;PETITS ENGINS
LOXAM ;Lo;LOXAM MONTEREAU;77000;MONTEREAU FAULT YONNE;48.3849647;2.9557006;ILE DE FRANCE;France ;12 Rue Des Clomarts, 77130, France;48.38728221167717;2.9697163621669334;mounir.amraoui@loxam.fr;PETITS ENGINS
LOXAM ;Lo;CORNER LOXAM - CASTO ORMESSON;94000;CHENNEVIERES SUR MARNE;48.7965001;2.530442;ILE DE FRANCE;France ;CC Pince Vent - ZAC De L'Hippodrome, 94430, France;48.79559774356472;2.5588906417873494;mounir.amraoui@loxam.fr;PETITS ENGINS
LOXAM ;Lo;CORNER LOXAM - CASTO COIGNIÈRES;78000;COIGNIERES;48.7671468;1.9193679;ILE DE FRANCE;France ;Rue des Louveries - RN 10, 78310, France;48.75186691130387;1.9286048705774794;mounir.amraoui@loxam.fr;PETITS ENGINS
LOXAM ;Lo;CORNER LOXAM - CASTO CORMEILLES;95000;CORMEILLES EN PARISIS;48.9759637;2.1998877;ILE DE FRANCE;France ;ZAC Bois Rochefort -392  Bd Joffre, 95240, France;48.95410846910232;2.204428258980572;mounir.amraoui@loxam.fr;PETITS ENGINS
LOXAM ;Lo;LOXAM CITY AURIOL;75000;PARIS;48.8534951;2.3483915;ILE DE FRANCE;France ;120, boulevard Vincent Auriol, 75013, France;48.83614372636923;2.3707027306870554;mounir.amraoui@loxam.fr;PETITS ENGINS
LOXAM ;Lo;CORNER LOXAM - CASTO LEVALLOIS;92000;LEVALLOIS PERRET;48.892956;2.2881683;ILE DE FRANCE;France ;4 rue Henri Barbusse, 92300, France;48.89135537140968;2.291402291473089;mounir.amraoui@loxam.fr;PETITS ENGINS
LOXAM ;Lo;CORNER LOXAM - LM SAINT-DENIS;93000;SAINT DENIS;48.9383732;2.3627508;ILE DE FRANCE;France ;rue Henri Delaunay - Zac Cornillon, 93200, France;48.927010403645355;2.3622132979911914;mounir.amraoui@loxam.fr;PETITS ENGINS
LOXAM ;Lo;CORNER LOXAM - LM RUEIL-MALMAISON;92000;RUEIL MALMAISON;48.87778;2.1802832;ILE DE FRANCE;France ;58 av De Fouilleuse - CC Hauts de Rueil, 92500, France;48.86238268243973;2.1980074536485605;mounir.amraoui@loxam.fr;PETITS ENGINS
LOXAM ;Lo;CORNER LOXAM - LM BOIS-D'ARCY;78000;BOIS D'ARCY;48.799856;2.023607;ILE DE FRANCE;France ;avenue Fritz Lang - Zac Croix Bonnet, 78390, France;48.79985334694337;2.009211154724768;mounir.amraoui@loxam.fr;PETITS ENGINS
LOXAM ;Lo;CORNER LOXAM - LM MONTSOULT;95000;MONTSOULT;49.0704484;2.312001;ILE DE FRANCE;France ;route Nationale 1 - Zi Du Belloy, 95560, France;49.06722223878397;2.3281752811833285;mounir.amraoui@loxam.fr;PETITS ENGINS
LOXAM ;Lo;LOXAM CITY BOULOGNE;92000;BOULOGNE BILLANCOURT;48.8356649;2.240206;ILE DE FRANCE;France;46 Boulevard de la République, 92100, France;48.83273161718638;2.2516823333309732;mounir.amraoui@loxam.fr;PETITS ENGINS
LOXAM ;Lo;LOXAM ACCESS PARIS NORD MITRY;77000;MITRY MORY;48.9839674;2.6183971;ILE DE FRANCE;France;7 Rue René Cassin, 77290, France;48.9705460008543;2.5758345737824095;mounir.amraoui@loxam.fr;PETITS ENGINS
LOXAM ;Lo;CORNER LOXAM - BRICORAMA VIRY;91000;VIRY CHATILLON;48.67211;2.39318;ILE DE FRANCE;France;106-108 Avenue du Général de Gaulle, 91170, France;48.68006118580469;2.3816745829272343;mounir.amraoui@loxam.fr;PETITS ENGINS
LOXAM ;Lo;CORNER LOXAM - BRICORAMA BOULOGNE;92000;BOULOGNE BILLANCOURT;48.8356649;2.240206;ILE DE FRANCE;France;701 Avenue du Général Leclerc, 92100, France;48.830641584609594;2.2356747519637983;mounir.amraoui@loxam.fr;PETITS ENGINS
LOXAM ;Lo;CORNER LOXAM - WELDOM CARRIÈRES;78000;CARRIERES SUR SEINE;48.9134112;2.1779083;ILE DE FRANCE;France;11 avenue du Maréchal Juin, 78420, France;48.911953538404525;2.1799749454650033;mounir.amraoui@loxam.fr;PETITS ENGINS
LOXAM ;Lo;CORNER LOXAM - CASTORAMA VELIZY;78000;VELIZY VILLACOUBLAY;48.7809496;2.1900052;ILE DE FRANCE;France;1 Rue andré citroen - ZA VELIZY, 78140, France;48.77523909794785;2.2258774533955106;mounir.amraoui@loxam.fr;PETITS ENGINS
LOXAM ;Lo;LOXAM CITY MIN RUNGIS;94000;CHEVILLY LARUE;48.7714153;2.3469255;ILE DE FRANCE;France;112 avenue de la Cité - Bâtiment H5, 94550, France;48.76049330580014;2.3621435282661616;mounir.amraoui@loxam.fr;PETITS ENGINS
LOXAM ;Lo;LOXAM CITY PORTE DE PANTIN;75000;PARIS;48.8534951;2.3483915;ILE DE FRANCE;France;176 Avenue Jean Jaurès, 75019, France;48.88986957636056;2.4019638620224177;mounir.amraoui@loxam.fr;PETITS ENGINS
LOXAM ;Lo;LOXAM WISSOUS;91000;WISSOUS ;48.7316381;2.3268669;ILE DE FRANCE;France;31 avenue Ampère, 91320, France;48.727516627959524;2.319987827775811;mounir.amraoui@loxam.fr;PETITS ENGINS
LOXAM ;Lo;LOXAM CITY PARIS 14È;75000;PARIS;48.8534951;2.3483915;ILE DE FRANCE;France;132 avenue du Général Leclerc, 75014, France;48.82397584057191;2.3265816431196518;mounir.amraoui@loxam.fr;PETITS ENGINS
LOXAM ;Lo;LOXAM CITY NATION;75000;PARIS;48.8534951;2.3483915;ILE DE FRANCE;France;49 Rue des Pyrénées, 75020, France;48.85269530146166;2.4091302891419986;mounir.amraoui@loxam.fr;PETITS ENGINS
LOXAM ;Lo;CORNER LOXAM - LEROY MERLIN OSNY;95000;OSNY;49.0660487;2.0614598;ILE DE FRANCE;France;Ch. Du Poirier Charles Guérin - CC De L'Oseraie, 95520, France;49.07800471006585;2.0822692970674677;mounir.amraoui@loxam.fr;PETITS ENGINS
LOXAM ;Lo;LOXAM ETAMPES;91000;ETAMPES;48.4344621;2.1614464;ILE DE FRANCE;France;4 Avenue De La Sablière, 91150, France;48.4533686931468;2.161059943119651;mounir.amraoui@loxam.fr;PETITS ENGINS
LOXAM ;Lo;LOXAM PIERRELAYE;95000;PIERRELAYE;49.0232238;2.1557343;ILE DE FRANCE;France;2 Avenue Du Général Leclerc, 95480, France;49.0142546327609;2.160568758463492;mounir.amraoui@loxam.fr;PETITS ENGINS
LOXAM ;Lo;CORNER LOXAM - LEROY MERLIN GONESSE;95000;GONESSE;48.9863555;2.4500537;ILE DE FRANCE;France;1 rond point De La Croix Saint-Benoît, 95500, France;48.98001244520224;2.440845767991827;mounir.amraoui@loxam.fr;PETITS ENGINS
LOXAM ;Lo;CORNER LOXAM - BEAUVALLET BLANDINE;91000;GUILLERVAL;48.3745373;2.0599606;ILE DE FRANCE;France;Rue du Triquoir - ZAC de la Géode 2, 91690, France;48.37008345040455;2.0845216551507115;mounir.amraoui@loxam.fr;PETITS ENGINS
LOXAM ;Lo;LOXAM CITY PORTE DES LILAS;75000;PARIS;48.8534951;2.3483915;ILE DE FRANCE;France;67 Boulevard Sérurier, 75019, France;48.8785855341769;2.4024974589827255;mounir.amraoui@loxam.fr;PETITS ENGINS
LOXAM ;Lo;LOXAM SARCELLE N1 (GROSLAY);95000;GROSLAY;48.9867112;2.3458615;ILE DE FRANCE;France;1 Route Nationale de Paris à Calais (RN 1), 95410, France;48.98660081638681;2.3618690719321798;mounir.amraoui@loxam.fr;PETITS ENGINS
LOXAM ;Lo;LOXAM LAGNY;77000;SAINT THIBAULT DES VIGNES;48.8692;2.6806;ILE DE FRANCE;France;5 rue des Marmousets - ZI Courtillière, 77400, France;48.87061741200512;2.680857049200411;mounir.amraoui@loxam.fr;PETITS ENGINS
LOXAM ;Lo;LOXAM RENTAL VILLENEUVE ST GEORGES;94000;VILLENEUVE SAINT GEORGES;48.7305272;2.44782;ILE DE FRANCE;France;Rue des Prés de l'Hôpital - ZI Graviers, 94194, France;48.75587015943668;2.453225624586232;mounir.amraoui@loxam.fr;PETITS ENGINS
LOXAM ;Lo;LOXAM RENTAL CONFLANS;78000;CONFLANS SAINTE HONORINE;48.9938791;2.0949768;ILE DE FRANCE;France;7 rue de l'Activité, 78700, France;49.010514277705475;2.0914931044950134;mounir.amraoui@loxam.fr;PETITS ENGINS
LOXAM ;Lo;LOXAM RENTAL COLLEGIEN;77000;COLLEGIEN;48.8362114;2.673176;ILE DE FRANCE;France;31 Allée du Clos des Charmes, 77090, France;48.83017822908948;2.6696966584394204;mounir.amraoui@loxam.fr;PETITS ENGINS
LOXAM ;Lo;LOXAM RENTAL GENNEVILLIERS OUEST;92000;GENNEVILLIERS;48.9254221;2.2940122;ILE DE FRANCE;France;11, route Des Mercières, 92230, France;48.94939272151631;2.3878063326487142;mounir.amraoui@loxam.fr;PETITS ENGINS
LOXAM ;Lo;LOXAM TP PARIS;77000;MOISSY CRAMAYEL;48.6285035;2.5703151;ILE DE FRANCE;France;210 Avenue Ampère - RN 6, 77550, France;48.620001369183534;2.5683894816997945;mounir.amraoui@loxam.fr;PETITS ENGINS
LOXAM ;Lo;CORNER LOXAM - LM MELUN - CESSON;77000;CESSON;48.5624381;2.6021145;ILE DE FRANCE;France;rue Du Bois Des Saints-Pères, 77240, France;48.58011269003749;2.6080620926022164;mounir.amraoui@loxam.fr;PETITS ENGINS
LOXAM ;Lo;CORNER LOXAM - CASTORAMA CRETEIL;94000;CRETEIL   ;48.7771486;2.4530731;ILE DE FRANCE;France;70 Avenue du Maréchal Foch, 94000, France;48.77923471846823;2.4403491467968923;mounir.amraoui@loxam.fr;PETITS ENGINS
LOXAM ;Lo;CORNER LOXAM - CASTORAMA FRESNES;94000;FRESNES;48.7546687;2.3227967;ILE DE FRANCE;France;186 Parc Médicis, 94260, France;48.754820467994804;2.341082971408724;mounir.amraoui@loxam.fr;PETITS ENGINS
LOXAM ;Lo;CORNER LOXAM - LEROY MERLIN MANTES - BUCHELAY;78000;BUCHELAY;48.9793554;1.6716534;ILE DE FRANCE;France;232 avenue du Béarn, Les Docks de Buchelay, 78200 Buchelay, France;48.98829873167925;1.6689062951894276;mounir.amraoui@loxam.fr;PETITS ENGINS
LOXAM ;Lo;LOXAM GENNEVILLIERS (LAHO);92000;GENNEVILLIERS;48.9254221;2.2940122;ILE DE FRANCE;France;6 Route Du Bassin N° 5, 92230, France;48.946232984684734;2.2970354829204433;mounir.amraoui@loxam.fr;PETITS ENGINS
LOXAM ;Lo;LOXAM MELUN VAUX LE PENIL;77000;VAUX LE PENIL;48.5255542;2.6831642;ILE DE FRANCE;France;1033 Rue Du Maréchal Juin, 77000, France;48.5369703612552;2.692603887818287;mounir.amraoui@loxam.fr;PETITS ENGINS
LOXAM ;Lo;LOXAM RENTAL VILLENEUVE ST GEORGES;94000;VILLENEUVE SAINT GEORGES;48.7305272;2.44782;ILE DE FRANCE;France;Rue des Prés de l'Hôpital, 94194, France;48.75577467132869;2.453536760814241;mounir.amraoui@loxam.fr;PETITS ENGINS
LOXAM ;Lo;CORNER LOXAM - CASTO VILLEMOMBLE;93000;VILLEMOMBLE;48.881886;2.5076181;ILE DE FRANCE;France;43 allée du Plateau, 93250, France;48.87892727669487;2.5028443096368207;mounir.amraoui@loxam.fr;PETITS ENGINS
LOXAM ;Lo;CORNER LOXAM - CASTO LES ULIS;91000;LES ULIS;48.681708;2.1701573;ILE DE FRANCE;France;6-8 avenue de L'Océanie, 91940, France;48.67860728900401;2.2031342900216755;mounir.amraoui@loxam.fr;PETITS ENGINS
LOXAM ;Lo;CORNER LOXAM - CASTO LES LILAS;93000;LES LILAS;48.8795658;2.415796;ILE DE FRANCE;France;15 boulevard de la Liberté, 93260, France;48.8801311281322;2.4189811611975798;mounir.amraoui@loxam.fr;PETITS ENGINS
LOXAM ;Lo;CORNER LOXAM - STARMAT MONTREUIL;93000;MONTREUIL;48.8623357;2.4412184;ILE DE FRANCE;France;188 boulevard de la Boissière, 93100, France;48.87701644990635;2.463503920276918;mounir.amraoui@loxam.fr;PETITS ENGINS
LOXAM ;Lo;CORNER LOXAM - LM IVRY-SUR-SEINE;94000;IVRY SUR SEINE;48.8122302;2.3872525;ILE DE FRANCE;France;2 - 12 rue François Mitterrand, 94200, France;48.82780855081065;2.4057324162229357;mounir.amraoui@loxam.fr;PETITS ENGINS
POINT P;P.P;POINT P;78000;LE PORT MARLY;48.8809876;2.109145;ILE DE FRANCE;France;21 rue Charles de Gaulle, 78560, France;48.888014352695244;2.1028330921675944;—;FOURNITURES
POINT P;P.P;POINT P;78000;SAINT ARNOULTEN YVELINES;48.572604;1.9350788;ILE DE FRANCE;France;13 rue Stourm, 78730, France;48.567145397521;1.932662048648671;—;FOURNITURES
POINT P;P.P;POINT P;95000;ARGENTEUIL;48.9479069;2.2481797;ILE DE FRANCE;France;35 rue Gode, 95100, France;48.96050322071361;2.2621016989189373;—;FOURNITURES
POINT P;P.P;POINT P;95000;SARCELLES;48.9960813;2.3796245;ILE DE FRANCE;France;42 route Calais, 95200, France;48.97769496399243;2.3664238110757294;—;FOURNITURES
POINT P;P.P;POINT P;94000;SUCY  EN BRIE;48.7711323;2.5221284;ILE DE FRANCE;France;12 Rue Louis Thébault, 94370 Sucy-en-Brie, France;48.76639658942926;2.501670044002724;—;FOURNITURES
POINT P;P.P;POINT P;78000;SARTROUVILLE;48.9409016;2.1585037;ILE DE FRANCE;France;74 route Cormeilles, 78500, France;48.95883432616484;2.2089128937278852;—;FOURNITURES
POINT P;P.P;POINT P;78000;MAULETTE;48.7914601;1.6207519;ILE DE FRANCE;France;70 rue Vignes, 78550, France;48.78811742082738;1.609480227080341;—;FOURNITURES
POINT P;P.P;POINT P;95000;BEZONS;48.9250016;2.2105491;ILE DE FRANCE;France;17 rue Salvador Allende, 95870, France;48.926813548695;2.248738332268565;—;FOURNITURES
POINT P;P.P;POINT P;95000;BELLOY  EN FRANCE;49.0892802;2.367884;ILE DE FRANCE;France;1 route Paris, 95270, France;49.09502727107356;2.360402942940878;—;FOURNITURES
POINT P;P.P;POINT P;75000;PARIS;48.8534951;2.3483915;ILE DE FRANCE;France;quai Bercy, 75012, France;48.836396380825995;2.4079324284063226;—;FOURNITURES
POINT P;P.P;POINT P;95000;SAINT OUEN L'AUMONE;49.0992941;2.1513279;ILE DE FRANCE;France;111 rue Paris, 95310, France;49.03785730368567;2.120617044252812;—;FOURNITURES
POINT P;P.P;POINT P;75000;PARIS;2.12134;2.3483915;ILE DE FRANCE;France;25 quai Ivry, 75013, France;48.831650598424595;2.4058724919300807;—;FOURNITURES
POINT P;P.P;POINT P;93000;GOURNAY SUR MARNE;48.8598434;2.576913;ILE DE FRANCE;France;rue Paris, 93460, France;48.8654186151605;2.5655092945389497;—;FOURNITURES
POINT P;P.P;POINT P;77000;ESMANS;48.34743846832634;2.974068121214457;ILE DE FRANCE;France;37 route Petit Fossard, 77130, France;48.36774815132427;2.9592879596276256;—;FOURNITURES
POINT P;P.P;POINT P;78000;VERSAILLES;48.8035403;2.1266886;ILE DE FRANCE;France;11 rue Porte de Buc, 78000, France;48.801274216578946;2.163006103172235;—;FOURNITURES
POINT P;P.P;POINT P;93000;NOISY LE SEC;48.8897751;2.4516055;ILE DE FRANCE;France;75 rue Parc, 93130, France;48.890372811913586;2.4447977675417945;—;FOURNITURES
POINT P;P.P;POINT P;91000;CORBEILESSONNES;48.6137734;2.4818087;ILE DE FRANCE;France;53 quai Apport, 91100, France;48.62059049163634;2.4747223159712473;—;FOURNITURES
POINT P;P.P;POINT P;93000;SORINS;48.8623357;2.4412184;ILE DE FRANCE;France;24 rue Sorins, 93100, France;48.86045171376435;2.4357531005494053;—;FOURNITURES
POINT P;P.P;POINT P;77000;ROISSY  EN BRIE;48.7903787;2.6545195;ILE DE FRANCE;France;7 route Ozoir Bp 6, 77680, France;48.78220557626494;2.661555872714841;—;FOURNITURES
POINT P;P.P;POINT P;91000;ARPAJON;48.5902899;2.2477303;ILE DE FRANCE;France;6 route Limours, 91290, France;48.600000274268645;2.2443767945394484;—;FOURNITURES
POINT P;P.P;POINT P;77000;PERTHES;48.4758593;2.555445;ILE DE FRANCE;France;58 rue Melun, 77930, France;48.47941474860172;2.563629736357419;—;FOURNITURES
POINT P;P.P;POINT P;95000;MAGNY EN VEXIN;49.16111;1.80667;ILE DE FRANCE;France;Zi La Demi Lune route Mantes, 95420, France;49.14801442961661;1.7893070852778543;—;FOURNITURES
POINT P;P.P;POINT P;75000;PARIS;48.8534951;2.3483915;ILE DE FRANCE;France;217 rue Aubervilliers, 75018, France;48.905272545522216;2.386989739293215;—;FOURNITURES
POINT P;P.P;POINT P;91000;MASSY;48.730158;2.2766735;ILE DE FRANCE;France;4 route Bonde, 91300, France;48.720700723860546;2.2817473921648217;—;FOURNITURES
POINT P;P.P;POINT P;78000;BUCHELAY;48.9793554;1.6716534;ILE DE FRANCE;France;5 rue Closeaux, 78200, France;48.992537835670454;1.681616544804116;—;FOURNITURES
POINT P;P.P;POINT P;77000;CLAYE SOUILLY;48.9986182;2.8504604;ILE DE FRANCE;France;4 rue Ernest Sarron, 77410, France;48.95331948346327;2.6676905038202134;—;FOURNITURES
POINT P;P.P;POINT P;78000;CARRIERES SOUS POISSY;48.9437694;2.0341747;ILE DE FRANCE;France;701 rue Reine Blanche, 78955, France;48.94769653489481;2.052409475283335;—;FOURNITURES
POINT P;P.P;POINT P;91000;MAISSE;48.3942835;2.3755851;ILE DE FRANCE;France;10 route Buno Bonneveaux, 91720, France;48.389727806712514;2.390005819163469;—;FOURNITURES
POINT P;P.P;POINT P;75000;PARIS;48.8534951;2.3483915;ILE DE FRANCE;France;port Javel Bas, 75015, France;48.8439983067848;2.2754657093723036;—;FOURNITURES
POINT P;P.P;POINT P;91000;LES ULIS;48.681708;2.1701573;ILE DE FRANCE;France;avenue Cap Horn, 91940, France;48.67661897606993;2.1980127903276556;—;FOURNITURES
POINT P;P.P;POINT P;91000;MENNECY;48.5666645;2.4347044;ILE DE FRANCE;France;3 rue Victor Grignard, 91540, France;48.56739274464616;2.451772990327655;—;FOURNITURES
POINT P;P.P;POINT P;91000;MORANGIS;48.7022956;2.3367599;ILE DE FRANCE;France;15 avenue Froides Bouillies, Zac Portes De Morangis, 91420, France;48.707955193333305;2.3455748147332036;—;FOURNITURES
POINT P;P.P;POINT P;95000;FOSSES;49.0986649;2.5161998;ILE DE FRANCE;France;2 rue Ferme St Ladre, 95470, France;49.099685180888876;2.5291463191634693;—;FOURNITURES
POINT P;P.P;POINT P;93000;VILLEPINTE;48.9636566;2.5347541;ILE DE FRANCE;France;100 avenue Paul Vaillant Couturier, 93420, France;48.959844488672275;2.534867965193234;—;FOURNITURES
POINT P;P.P;POINT P;93000;SAINT DENIS L'ETOILE;48.880696;2.5695462;ILE DE FRANCE;France;45 Bd Anatole France, 93200 Saint-Denis, France;48.9260585071001; 2.3521075638578544;—;FOURNITURES
POINT P;P.P;POINT P;75000;PARIS;48.8534951;2.3483915;ILE DE FRANCE;France;202 bis Quai de Jemmapes 200, 75010 Paris, France;48.884542414701336;2.3832904224332716;—;FOURNITURES
POINT P;P.P;POINT P;91000;SAINT CHERON;48.551177;2.1256363;ILE DE FRANCE;France;chemin Juiniere, 91530, France;48.55149698368291;2.1139028215181743;—;FOURNITURES
POINT P;P.P;POINT P;93000;LIVRY GARGAN;48.917335;2.5298854;ILE DE FRANCE;France;51 boulevard Robert Schumann, 93190, France;48.92884270297434;2.550951407509807;—;FOURNITURES
POINT P;P.P;POINT P;95000;PIERRELAYE;49.0232238;2.1557343;ILE DE FRANCE;France;256 boulevard Havre, Rte Nationale 14, 95480, France;49.01290724955571;2.193120047410029;—;FOURNITURES
POINT P;P.P;POINT P;78000;CONFLANS SAINTE HONORINE;48.9938791;2.0949768;ILE DE FRANCE;France;3 Quai du Confluent, 78700 Conflans-Sainte-Honorine, France;48.99129887978371;2.074500011222999;—;FOURNITURES
POINT P;P.P;POINT P;77000;SOUPPES SUR LOING;48.1811405;2.7311751;ILE DE FRANCE;France;ZI route Egreville, 77460, France;48.180611660239464; 2.756424850661765;—;FOURNITURES
POINT P;P.P;POINT P;77000;SAINT MARD;49.0370716;2.694435;ILE DE FRANCE;France;rue Moutiers, 77260, France;49.03887224883474;2.686494655402069;—;FOURNITURES
RABONI ;Ra;RABONI ATHIS;91000;ATHIS MONS;48.7079878;2.3888044;ILE DE FRANCE;France;170 avenue François Mitterrand RN7 91200 Athis-Mons;48.71909389885717;2.4054815851988027;—;FOURNITURES
RABONI ;Ra;RABONI BEAUCHAMP;95000;PIERRELAYE;49.0232238;2.1557343;ILE DE FRANCE;France;9 chemin du Parc 95480 Pierrelaye;49.037916154673866;2.2811425581253317;—;FOURNITURES
RABONI ;Ra;RABONI DAMMARIE;77000;DAMMARIE LES LYS;48.5150876;2.6347018;ILE DE FRANCE;France;818 avenue Montaigne 77190 Dammarie-les-Lys;48.537393128085164;2.7075587582803764;—;FOURNITURES
RABONI ;Ra;RABONI  ETRECHY;91000;ETRECHY;48.4936601;2.1945814;ILE DE FRANCE;France;5 route de Chamarande 91580 Etrechy;48.514482331908134;2.2825659380055905;—;FOURNITURES
RABONI ;Ra;RABONI IVRY;94000;IVRY SUR SEINE;48.8122302;2.3872525;ILE DE FRANCE;France;25 quai Marcel Boyer 94200 Ivry-sur-Seine;48.82335229602851;2.3919760844075357;—;FOURNITURES
RABONI ;Ra;RABONI LA COURNEUVE;93000;LA COURNEUVE;48.9267236;2.3896123;ILE DE FRANCE;France;58 avenue Jean Mermoz 93120 La Courneuve;48.931926762691276;2.404900303132081;—;FOURNITURES
RABONI ;Ra;RABONI LE PECQ;78000;LE PECQ;48.8972505;2.1066273;ILE DE FRANCE;France;60 route de Sartrouville 78230 Le Pecq;48.9093081136605;2.1400472151988956;—;FOURNITURES
RABONI ;Ra;RABONI MENNECY;91000;MENNECY;48.5666645;2.4347044;ILE DE FRANCE;France;26 rue de Tournenfils 91540 Mennecy;48.5699890778586; 2.450625963514986;—;FOURNITURES
RABONI ;Ra;RABONI NOISY;93000;NOISY LE GRAND;48.8492238;2.5524906;ILE DE FRANCE;France;16 rue de la Passerelle 93160 Noisy-le-Grand;48.85662205001628; 2.5531103571685243;—;FOURNITURES
RABONI ;Ra;RABONI PARIS;75000;PARIS;48.8534951;2.3483915;ILE DE FRANCE;France;25 rue du chemin de fer 75019 Paris;48.9058413455795; 2.4356939850437693;—;FOURNITURES
RABONI ;Ra;RABONI PARIS LECLAIRE;75000;PARIS;48.8534951;2.3483915;ILE DE FRANCE;France;7 rue Jean Leclaire 75017 Paris;48.89726532087961 ;2.3752691853538366;—;FOURNITURES
RABONI ;Ra;RABONI PARIS ROQUETTE;75000;PARIS;48.8534951;2.3483915;ILE DE FRANCE;France;52 rue de la Roquette 75011 Paris;48.861139599776756;2.3944952579824514;—;FOURNITURES
RABONI ;Ra;RABONI PUISEUX;95000;PUISEUX PONTOISE;49.0578349;2.0205371;ILE DE FRANCE;France;Route de Boissy l'Aillerie 95650 Puiseux-Pontoise;49.07421085463948;2.0665761519395462;—;FOURNITURES
RABONI ;Ra;RABONI VARENNES;77000;VARENNES SUR SEINE;48.3766097;2.9301414;ILE DE FRANCE;France;Rue du Marais du Saule 77130 Varennes-sur-Seine;48.38166420904405;2.9835902295912047;—;FOURNITURES
RABONI ;Ra;RABONI VILLEJUIF;94000;VILLEJUIF;48.7921098;2.3633048;ILE DE FRANCE;France;81-87 rue Ambroise Croizat 94800 Villejuif;48.80961536107387;2.402048357943693;—;FOURNITURES
PUM;PUM;PUM - AGENCE AULNAY SOUS BOIS;93000;AULNAY SOUS BOIS;48.934231;2.499789;ILE DE FRANCE;France;20, RUE BLAISE PASCAL, ZA LES MARDELLES, 93600 AULNAY-SOUS-BOIS;48.95044424078459;2.4819561347835335;—;FOURNITURES
PUM;PUM;PUM - AGENCE CHENNEVIERES;94000;CHENNEVIERES SUR MARNE;48.7965001;2.530442;ILE DE FRANCE;France;ZONE DES BORDES, 13 BIS RUE CONDORCET, 94430 CHENNEVIERES-SUR-MARNE;48.79644682311359;2.5451394371754357;—;FOURNITURES
PUM;PUM;PUM - AGENCE CHEVILLY LARUE;94000;CHEVILLY LARUE;48.7714153;2.3469255;ILE DE FRANCE;France;193, BOULEVARD JEAN MERMOZ, 94550 CHEVILLY-LARUE;48.764676548769586;2.3354771098816585;—;FOURNITURES
PUM;PUM;PUM - AGENCE CHILLY MAZARIN;91000;CHILLY MAZARIN;48.7026161;2.3123582;ILE DE FRANCE;France;ZAC DE LA VIGNE AUX LOUPS, RUE BLAISE PASCAL, 91380 CHILLY-MAZARIN;48.70487290616718;2.297829493791229;—;FOURNITURES
PUM;PUM;PUM - AGENCE COIGNIÈRES;78000;COIGNIERES;48.7671468;1.9193679;ILE DE FRANCE;France;ROUTE DU MESNIL ST-DENIS, 78310 COIGNIERES-MAUREPAS;48.74780482968432;1.928743160924135;—;FOURNITURES
PUM;PUM;PUM - AGENCE HERBLAY;95000;HERBLAY;48.9908;2.1664;ILE DE FRANCE;France;Z.I., 2, AVENUE PAUL LANGEVIN, 95228 HERBLAY CEDEX;49.003733160807094;2.1720461780784945;—;FOURNITURES
PUM;PUM;PUM - AGENCE LIMAY;78000;LIMAY;48.9921015;1.7353686;ILE DE FRANCE;France;3, IMPASSE DES CARRIERES, PARC DE LA ROCADE, 78520 LIMAY;48.994057483661706;1.7506405678065697;—;FOURNITURES
PUM;PUM;PUM - AGENCE NANTERRE;92000;NANTERRE;48.8924273;2.2071267;ILE DE FRANCE;France;16, AVENUE DES GUILLERAIES, 92000 NANTERRE;48.89551116777578;2.1855422189867935;—;FOURNITURES
PUM;PUM;PUM;93000;PANTIN;48.8965023;2.4019804;ILE DE FRANCE;France;110 BIS, AV. DU GENERAL LECLER, 93500 PANTIN;48.90167744435295;2.4182385567768434;—;FOURNITURES
PUM;PUM;PUM;75000;PARIS;48.8534951;2.3483915;ILE DE FRANCE;France;12, RUE VAN GOGH, 75012 PARIS;48.84404581629598;2.372609137459626;—;FOURNITURES
PUM;PUM;PUM;77000;MEAUX;48.9582708;2.8773541;ILE DE FRANCE;France;4, RUE SAMUEL MORSE, Z.I. NORD, 77100 MEAUX;48.96241372051238;2.915183200410404;—;FOURNITURES
PUM;PUM;PUM;77000;MOISSY CRAMAYEL;48.6285035;2.5703151;ILE DE FRANCE;France;231 AVENUE ALBERT EINSTEIN, Z.I. MOISSY-CRAMAYEL, 77550 MOISSY-CRAMAYEL;48.62177264110844;2.5699353022378584;—;FOURNITURES
PUM;PUM;PUM;77000;VAUX LE PENIL;48.5255542;2.6831642;ILE DE FRANCE;France;905, AVENUE SAINT-JUST, Z.I. DE VAUX LE PENIL, 77000 VAUX-LE-PENIL;48.53461157876441;2.6879105390241214;—;FOURNITURES
CEMEX;Cem;CEMEX UNITE DE PRODUCTION BETON DE BONDY;93000;BONDY;48.9031;2.48291;ILE DE FRANCE;France;5 Quai Hubertine Auclert, 93140 Bondy, France;48.908401642503165;2.4855119050008807;—;BETON
CEMEX;Cem;CEMEX UNITE DE PRODUCTION BETON DE ROSNY-SUR-SEINE;78000;ROSNY SUR SEINE;49.001733;1.6280317;ILE DE FRANCE;France;Z.A.C. des Marceaux, Rue Gustave Eiffel, 78710 Rosny-sur-Seine, France;48.996044913853396;1.6669935277263788;—;BETON
CEMEX;Cem;CEMEX UNITE DE PRODUCTION BETON D’EVRY;91000;EVRY;48.6241665;2.4289667;ILE DE FRANCE;France;48 rue des Paveurs, 91000 Evry, France;48.629888853367724;2.4607247985458987;—;BETON
CEMEX;Cem;CEMEX UNITE DE PRODUCTION BETON D’AUBERVILLIERS;93000;AUBERVILLIERS;48.9146078;2.3821895;ILE DE FRANCE;France;29 rue Lucien Lefranc, 93300 Aubervilliers, France;48.914519364019846;2.3719981347492625;—;BETON
CEMEX;Cem;CEMEX UNITE DE PRODUCTION BETON DE MITRY-MORY;77000;MITRY MORY;48.9839674;2.6183971;ILE DE FRANCE;France;Z.I. de Mitry-Compans, Rue Decauville, 77297 Mitry-Mory, France;48.98468002611186;2.627677307796457;—;BETON
CEMEX;Cem;CEMEX UNITE DE PRODUCTION BETON DE NANTERRE;92000;NANTERRE;48.8924273;2.2071267;ILE DE FRANCE;France;9 Rue Lavoisier, 92000 Nanterre, France;48.8973589321921;2.174327535882946;—;BETON
CEMEX;Cem;CEMEX UNITE DE PRODUCTION BETON DE DOURDAN;91000;DOURDAN;48.5288442;2.0153689;ILE DE FRANCE;France;La Longerie, RD 838, 91410 Dourdan, France;48.54871789904858;2.023795390014525;—;BETON
CEMEX;Cem;CEMEX UNITE DE PRODUCTION BETON DE PONTAULT-COMBAULT;77000;PONTAULT COMBAULT;48.8009132;2.6068064;ILE DE FRANCE;France;Rue du Luxembourg, 77340 Pontault-Combault, France;48.79847168246264;2.6306518421600034;—;BETON
CEMEX;Cem;CEMEX UNITE DE PRODUCTION BETON DE PORT VICTOR;75000;PARIS;48.8534951;2.3483915;ILE DE FRANCE;France;26 quai d'Issy-les-Moulineaux, 75015 Paris, France;48.836536146130925;2.2677214746896563;—;BETON
CEMEX;Cem;CEMEX UNITE DE PRODUCTION BETON DE PALAISEAU;91000;PALAISEAU;48.7144587;2.2453842;ILE DE FRANCE;France;2 rue Paul Doumer, 91120 Palaiseau, France;48.72339776002015;2.2509013482654825;—;BETON
CEMEX;Cem;CEMEX UNITE DE PRODUCTION BETON D'ATHIS-MONS;91000;ATHIS MONS;48.7079878;2.3888044;ILE DE FRANCE;France;17 quai de l'Orge, 91200 Athis-Mons, France;48.705317416903576;2.4012225998251964;—;BETON
CEMEX;Cem;CEMEX PORT DE SAINT-DENIS-L'ETOILE;93000;SAINT DENIS L'ETOILE;48.880696;2.5695462;ILE DE FRANCE;France;3 quai de Saint-Ouen, 93200 Saint-Denis-l'Etoile, France;48.930644405411755;2.342025305376235;—;BETON
CEMEX;Cem;CEMEX PORT D’AUBERVILLIERS;93000;AUBERVILLIERS;48.9146078;2.3821895;ILE DE FRANCE;France;Quai Lucien Lefranc, 93300 Aubervilliers, France;48.914002038132004;2.3632764641957085;—;BETON
CEMEX;Cem;CEMEX PORT D’EVRY;91000;EVRY;48.6241665;2.4289667;ILE DE FRANCE;France;38 route des Paveurs, 91000 Evry, France;48.82618554525974;2.3992687975338822;—;BETON
CEMEX;Cem;CEMEX PORT DE TOLBIAC;75000;PARIS;48.8534951;2.3483915;ILE DE FRANCE;France;70 quai Panhard et Levassor, 75013 Paris, France;48.82999235496363;2.3836332802279507;—;BETON
CEMEX;Cem;CEMEX PORT D’IVRY;94000;IVRY SUR SEINE;48.8122302;2.3872525;ILE DE FRANCE;France;3 Quai Marcel Boyer, 94200 Ivry-sur-Seine, France;48.8251542669529;2.3894811850621362;—;BETON
CEMEX;Cem;CEMEX PORT DE BERCY;75000;PARIS;48.8534951;2.3483915;ILE DE FRANCE;France;1 quai de Bercy, 75012 Paris, France;48.83775912622012;2.376941567304876;—;BETON
CEMEX;Cem;CEMEX UNITE DE PRODUCTION BETON DE GENNEVILLIERS;92000;GENNEVILLIERS;48.9254221;2.2940122;ILE DE FRANCE;France;5 Route annexe de la Seine, 92230 Gennevilliers, France;48.94930520816734;2.2940355091656333;—;BETON
CAUPAMAT CADDENZ;CAUP;CADDENZ PALISSADES ORLY;94000;ORLY;48.7431683;2.402391;ILE DE FRANCE;France;40 Rue du Kéfir, 94310 Orly;48.751203102623414;2.3928516492624525;—;MARQUAGE /BALISAGE 
CAUPAMAT CADDENZ;CAUP;CADDENZ GENNEVILLIERS;92000;GENNEVILLIERS;48.9254221;2.2940122;ILE DE FRANCE;France;114 Avenue Laurent Cély, 92230 Gennevilliers;48.92077020596791;2.3069129750590274;—;MARQUAGE /BALISAGE 
CAUPAMAT CADDENZ;CAUP;CADDENZ PARIS EST;77000;CROISSY BEAUBOURG;48.8278734;2.6584023;ILE DE FRANCE;France;25 Allée Léon Jouhaux, 77183 Croissy-Beaubourg;48.827408680183446;2.638013666204271;—;MARQUAGE /BALISAGE 
CAUPAMAT CADDENZ;CAUP;CADDENZ WISSOUS ;91000;WISSOUS ;48.7316381;2.3268669;ILE DE FRANCE;France;27 Avenue Ampère, 91320 Wissous;48.72780241108637;2.3201051479114434;—;MARQUAGE /BALISAGE 
TERSEN;Ter;TERSEN ETABLISSEMENT COSSON;95000;LOUVRES;49.0449139;2.5096751;ILE DE FRANCE;France;9 Avenue du Beaumontoir, 95380 Louvres;49.058855725678264;2.51856646906128;environnement.louvres@tersenenv.com / 01 30 29 02 00;MATERIEL BLANC 
TERSEN;Ter;TERSEN ETABLISSEMENT PICHETA;95000;PIERRELAYE;49.0232238;2.1557343;ILE DE FRANCE;France;13 Route de Conflans, 95480 Pierrelaye;49.01645639905266;2.1398785129336138;environnement.pierrelaye@tersenenv.com;MATERIEL BLANC 
TERSEN;Ter;TERSEN Etablissement SMS;91000;MARCOUSSIS;48.6559966;2.2035058;ILE DE FRANCE;France;Lieu-dit La Folie, 10 Rte de Montlhéry CD 35, 91460 Marcoussis, France;48.66702411007031;2.204721055558634;—;MATERIEL BLANC 
TERSEN;Ter;TERSEN DEVELOPPEMENT;93000;L’ILE SAINT DENIS;48.938;2.338;ILE DE FRANCE;France;15 bis Quai du Châtelier, 93450 L’Île-Saint-Denis;48.92942094591831;2.338452472848568;—;MATERIEL BLANC 
YPREMA;YP;YPREMA;77000;EMERAINVILLE;48.8115813;2.6212919;ILE DE FRANCE;France;11, allée de la Briarde, 77184 EMERAINVILLE;48.840245258300115;2.6626509815741826;—;MATERIEL BLANC 
YPREMA;YP;YPREMA;94000;BONNEUIL SUR MARNE;48.7742;2.4792;ILE DE FRANCE;France;63-64, route de l’île St Julien  94380 BONNEUIL-SUR-MARNE;48.799155307475424;2.533996294730692;—;MATERIEL BLANC 
YPREMA;YP;YPREMA;91000;MASSY;48.730158;2.2766735;ILE DE FRANCE;France;14, route de la Bonde ZI de la Bonde 91300  MASSY;48.72510026933946;2.3191895166699164;—;MATERIEL BLANC 
YPREMA;YP;YPREMA;91000;MASSY;48.730158;2.2766735;ILE DE FRANCE;France;11, route de la Bonde ZI de la Bonde 91300 MASSY;48.699723105984575;2.262098547263574;—;MATERIEL BLANC 
YPREMA;YP;YPREMA;78000;TRAPPES;48.7760957;1.9988356;ILE DE FRANCE;France;Allée Basile Levraud  78190 TRAPPES;48.78070730472237;2.0195404231258984;—;MATERIEL BLANC 
YPREMA;YP;YPREMA;92000;GENNEVILLIERS;48.9254221;2.2940122;ILE DE FRANCE;France;7, route du Môle Central 92230 GENNEVILLIERS;48.97243121152403;2.3553463612340426;—;MATERIEL BLANC 
YPREMA;YP;YPREMA;77000;LAGNY SUR MARNE;48.8773018;2.7056056;ILE DE FRANCE;France;6, rue Freycinet Port de Lagny 77400 LAGNY-SUR-MARNE;48.896252382581245;2.742301858655542;—;MATERIEL BLANC 
CHAUSSON;Frans;FRANSBONHOMME;77000;VAUX LE PENIL;48.5255542;2.6831642;ILE DE FRANCE;France;475 rue Raymond Hervillard, 77000 Vaux-le-Pénil, France;48.53282857133911;2.693835884475031;—;FOURNITURES
CHAUSSON;Frans;FRANSBONHOMME;94000;FRESNES;48.7546687;2.3227967;ILE DE FRANCE;France;6 rue de Chevilly, 94260 Fresnes, France;48.760538639758636;2.3345668458503033;—;FOURNITURES
CHAUSSON;Frans;FRANSBONHOMME;92000;GENNEVILLIERS;48.9254221;2.2940122;ILE DE FRANCE;France;Impasse des Petits Marais, 92230 Gennevilliers, France;48.94793653201376;2.3000250249812915;—;FOURNITURES
CHAUSSON;Frans;FRANSBONHOMME;95000;TAVERNY;49.0265888;2.2234971;ILE DE FRANCE;France;1 boulevard Chaptal, 95150 Taverny, France;49.02619481796693;2.2003458805860974;—;FOURNITURES
CHAUSSON;Frans;FRANSBONHOMME;92000;NANTERRE;48.8924273;2.2071267;ILE DE FRANCE;France;52 rue du Port, 92000 Nanterre, France;48.8946483012399;2.176912736700406;—;FOURNITURES
CHAUSSON;Frans;FRANSBONHOMME;95000;CHAMPAGNE SUR OISE;49.1339431;2.2312397;ILE DE FRANCE;France;Rue Lavoisier, 95660 Champagne-sur-Oise, France;49.14292438486595;2.255731032108945;—;FOURNITURES
CHAUSSON;Frans;FRANSBONHOMME;78000;COIGNIERES;48.7671468;1.9193679;ILE DE FRANCE;France;Rue Laënnec, 78310 Coignières, France;48.75367622914093; 1.9295871081261682;—;FOURNITURES
CHAUSSON;Frans;FRANSBONHOMME;78000;LES MUREAUX;48.9931578;1.909928;ILE DE FRANCE;France;2 rue Levassor, 78130 Les Mureaux, France;48.981622757113975;1.892315642170072;—;FOURNITURES
CHAUSSON;Frans;FRANSBONHOMME;77000;LAGNY SUR MARNE;48.8773018;2.7056056;ILE DE FRANCE;France;135 rue Freycinet, 77400 Lagny-sur-Marne, France;48.87570407806819;2.679140509636652;—;FOURNITURES
CHAUSSON;Frans;FRANSBONHOMME;77000;MONTEREAU FAULT YONNE;48.3849647;2.9557006;ILE DE FRANCE;France;2 rue Clomarts, 77130 Montereau-Fault-Yonne, France;48.385145050925445;2.9674151151483668;—;FOURNITURES
CHAUSSON;Frans;FRANSBONHOMME;91000;FLEURY MEROGIS;48.629965;2.3609313;ILE DE FRANCE;France;Rue Adrienne Bolland ZAC des Ciroliers 91700 Fleury-Mérogis France;48.61884045831266;2.359243878941164;—;FOURNITURES
CHAUSSON;Frans;FRANSBONHOMME;77000;MEAUX;48.9582708;2.8773541;ILE DE FRANCE;France;8 rue Thomas Edison ZI Nord 77100 Meaux France;48.96415770398808;2.9188098133339397;—;FOURNITURES
CHAUSSON;Frans;FRANSBONHOMME;95000;GOUSSAINVILLE;49.0323168;2.4733628;ILE DE FRANCE;France;2 Rue Jean Pierre Timbaud 95190 Goussainville France;49.021820102133056; 2.451897728788411;—;FOURNITURES
BSM;BSM;BSM;77000;LOGNES;48.8384157;2.632722;ILE DE FRANCE;France;9 allée Lech Walesa - Zac du Parc d'activités de Paris-Est;48.82678342681868;2.625477180496139;—;BETON
;;;78000;LIMAY;48.9921015;1.7353686;ILE DE FRANCE;France;;;;;
BSM;BSM;BSM;78000;THIVERVAL GRIGNON;48.8418686;1.9342972;ILE DE FRANCE;France;Chem. de Plaisir, 78850 Thiverval-Grignon, France;48.835438143793354;1.929443743613919;—;BETON
BSM;BSM;BSM;91000;BRETIGNY SUR ORGE;48.6099887;2.3075288;ILE DE FRANCE;France;Rue de la Desserte Industrielle;48.59099069951565;2.2950034286016034;—;BETON
BSM;BSM;BSM;92000;NANTERRE;48.8924273;2.2071267;ILE DE FRANCE;France;Chem. d'Accès À l'Usine Électrique, 92000 Nanterre, France;48.91876728025709;2.2390374568042613;—;BETON
BSM;BSM;BSM;92000;GENNEVILLIERS;48.9254221;2.2940122;ILE DE FRANCE;France;22 Chemin des Petits Marais;48.94740879279619;2.3020936025913112;—;BETON
BSM;BSM;BSM;93000;LA COURNEUVE;48.9267236;2.3896123;ILE DE FRANCE;France;65 Av. Jean Mermoz, 93120 La Courneuve, France;48.93286586834309;2.406420681185056;—;BETON
BSM;BSM;BSM;93000;LE BOURGET;48.9351403;2.4258354;ILE DE FRANCE;France;12 Avenue Hélène Boucher;48.93539452246235;2.4158084896334087;—;BETON
BSM;BSM;BSM;93000;L’ILE SAINT DENIS;48.938;2.338;ILE DE FRANCE;France;13 Quai du Châtelier 13, 93450 L'Île-Saint-Denis, France;48.92765763452985;2.336350333801506;—;BETON
BSM;BSM;BSM;94000;VILLENEUVE SAINT GEORGES;48.7305272;2.44782;ILE DE FRANCE;France;Zone Industrielle des Graviers, 8 Avenue Winston Churchill;48.75515383603538;2.447697499872439;—;BETON
BSM;BSM;BSM;95000;LE THILLAY;49.00611;2.4725;ILE DE FRANCE;France;7 Avenue du Capitaine Girard;49.00124872020623;2.4849240593580544;—;BETON
SODEXTRA;SODEX;SODEXTRA;91000;SACLAY;48.7305162;2.172576;ILE DE FRANCE;France;le Bas de L Étang, 91400 Saclay;48.738948558849884;2.181236743795983;—;MATERIEL BLANC 
COLBER;COL;COLBER;94000;THIAIS;48.7643664;2.391024;ILE DE FRANCE;France;169 avenue de Fontainebleau, 94320 Thiais, France;48.77056887094276;2.369537775617084;—;PETITS ENGINS
COLBER;COL;COLBER;77000;TORCY;48.8515;2.65265;ILE DE FRANCE;France;86 rue des Coutures Z.I., 77200 Torcy, France;48.84383028951332;2.6575487845226595;—;PETITS ENGINS
COLBER;COL;COLBER;78000;VOISINS LE BRETONNEUX;48.7586786;2.0509674;ILE DE FRANCE;France;21/23 rue des Tilleuls ZAC Voisins-Merantais, 78960 Voisins-le-Bretonneux, France;48.757120998190885;2.0565504699936374;—;PETITS ENGINS
COLBER;COL;COLBER;93000;LE BOURGET;48.9351403;2.4258354;ILE DE FRANCE;France;70 rue Albert Thomas, 93350 Le Bourget, France;48.936837765179675;2.440406996628862;—;PETITS ENGINS
COLBER;COL;COLBER;91000;MORIGNY CHAMPIGNY;48.4533835;2.1702138;ILE DE FRANCE;France;7 Rue des Rochettes, 91150 Morigny-Champigny, France;48.453756893860835;2.1705256239187563;—;PETITS ENGINS
SPME;SPME;SPME;92000;GENNEVILLIERS;48.9254221;2.2940122;ILE DE FRANCE;France;13 Route du Môle Central, 92230 Gennevilliers, France;48.945202741687865;2.2791916139057795;—;MATERIEL NOIR 
VIACOV;VIA;VIACOV;95000;GENICOURT;49.088;2.069;ILE DE FRANCE;France;39 rue des Fossettes, 95650 Génicourt, France;49.08425958317829;2.072100778051527;—;GRANDS ENGINS
BOUVELOT TP;Bouv;BOUVELOT TP;93000;LES PAVILLONS SOUS BOIS;48.9082988;2.5034999;ILE DE FRANCE;France;23 Allée d'Athènes, 93320 Les Pavillons-sous-Bois, France;48.91184754517678;2.4935456540490293;—;MATERIEL BLANC 
CHEUTIN;CHEU;CHEUTIN;91000;BREUX JOUY;48.5508514;2.1639559;ILE DE FRANCE;France;Route de Rimoron, 91650 Breux-Jouy, France;48.551223520065385;2.159920323510001;01.64.58.65.65 / planning@cheutin-tp.com;PETITS ENGINS
GO POMPE;GO;GO POMPE;95000;ARGENTEUIL;48.9479069;2.2481797;ILE DE FRANCE;France;Pavillon 8, 87 Rue de Calais, 95100 Argenteuil, France;48.94795509148964;2.2407193132454277;—;BETON
SNB ;SNB ;SNB ;94000;VALENTON;48.7443189;2.4699741;ILE DE FRANCE;France;1 RUE VASCO DE GAMA, 94460 VALENTON;48.76780880845431;2.4509122688828264;—;MATERIEL BLANC 
EVA INDUSTRIES;EVA INDUSTRIES;EVA INDUSTRIES;93000;AULNAY SOUS BOIS;48.934231;2.499789;ILE DE FRANCE;France;"ZONE INDUSTRIELLE DES MARDELLES
2-10 RUE BLAISE PASCAL
93605 AULNAY SOUS BOIS";48.950031925834;2.486713597210555;—;MATERIEL NOIR 
EVO LOCATION;EVO LOCATION;;95000;SAINT OUEN L'AUMONE;49.0992941;2.1513279;ILE DE FRANCE;France;39 AVENUE DU CHATEAU, 95310 SAINT-OUEN-L'AUMONE;49.054513623225226;2.1265014049666076;—;GRANDS ENGINS
UTD ;UTD ;UTD ;95000;PUISEUX PONTOISE ;49.0578349;2.0205371;ILE DE FRANCE;France;Route de Boissy l'Aillerie, RD 22, 95650 Puiseux-Pontoise, France;49.064173488136156;2.0210572899899955;—;GRANDS ENGINS
SCIABBARRASI RENT;;;91000;MORANGIS ;48.7022956;2.3367599;ILE DE FRANCE;France;"1 AVENUE DESCARTES
91420 MORANGIS ";48.70076891184295;2.334412598762302;—;GRANDS ENGINS
LM DISTRIBUTION;LM;LM DISTRIBUTION;95000;GOUSSAINVILLE;49.0323168;2.4733628;ILE DE FRANCE;France;"6-8 , Rue Joseph Jacquard
95190 GOUSSAINVILLE";49.02480344639677;2.4554654405709333;—;PIERRES NATURELLES
IDF MARQUAGE;IDF ;IDF MARQUAGE;95000;GOUSSAINVILLE;49.0323168;2.4733628;ILE DE FRANCE;France;ZI DES BETHUNES, 27 RUE DE BRETAGNE, 95310 SAINT-OUEN-L'AUMONE;49.04533682170267;2.1441021625213694;—;MARQUAGE /BALISAGE 
EUROPIERRE;EUROPIERRE;EUROPIERRE;77000;BUSSY SAINT GEORGES;48.8366447;2.7098422;ILE DE FRANCE;France;"19 Bis, Avenue Graham Bell
77600 BUSSY-SAINT-GEORGES";48.832925181287855;2.6961557367702533;—;PIERRES NATURELLES
RFM;RFM;RFM;77000;ROISSY  EN BRIE;48.7903787;2.6545195;ILE DE FRANCE;France;PARC D ACTIVITE DE LA FORGE, 3 IMPASSE DE LA LIEVRERIE, 77680 ROISSY-EN-BRIE;48.78934081888653;2.6458911003392855;—;RECYCLAGE DES MATÉRIAUX
ATPL CASELAS ;ATPL;ATPL CASELAS ;95000;SAINT OUEN L'AUMONE;49.0992941;2.1513279;ILE DE FRANCE;France;PARC ACTIVITES VERT GALANT, 70 AVENUE DU CHATEAU, 95310 SAINT-OUEN-L'AUMONE;49.05465142889494;2.1347795888767593;—;PETITS ENGINS
TERSEN;Ter;TERSEN SIÈGE SOCIAL;78000;MAGNY LES HAMEAUX;48.7353;2.0616;ILE DE FRANCE;France;"2, rue Jean Mermoz – CS 20503
78771 Magny-les-Hameaux Cedex";48.75008500743423;2.067295845849716;—;MATERIEL BLANC 
TERSEN;Ter;TERSEN-GENNEVILLIERS;92000;GENNEVILLIERS;48.9254221;2.2940122;ILE DE FRANCE;France;"13 RTE DU MOLE CENTRAL
92230 GENNEVILLIERS";48.94446157716871;2.2815062286735532;ctm.gennevilliers@tersen-env.com / 01.74.40.01.70;MATERIEL BLANC 
TERSEN;Ter;TERSEN ;78000;VIGNEUX SUR SEINE;48.9783;1.9736;ILE DE FRANCE;France;Chem. du Port Brun, 91270 Vigneux-sur-Seine, France;48.72352530606579;2.448855697583841;—;MATERIEL BLANC 
BUSCA;Bu;BUSCA AVRAINVILLE;91000;AVRAINVILLE;48.5623782;2.247154;ILE DE FRANCE;France;Rue Louise de Vilmorin, 91630 Avrainville;48.56555428319344;2.227941963954318;avrainville@busca.fr / 01 69 95 11 73;FOURNITURES
BUSCA;Bu;BUSCA BONNEUIL;94000;BONNEUIL SUR MARNE;48.7742;2.4792;ILE DE FRANCE;France;23, Quai du Rancy, 94380 Bonneuil-sur-Marne;48.77750589527622;2.492854307291148;bonneuil@busca.fr / 01 58 42 19 70;FOURNITURES
BUSCA;Bu;BUSCA DAMMARIE LES LYS;77000;DAMMARIE LES LYS;48.517;2.6406;ILE DE FRANCE;France;951, Quai Voltaire, 77190 Dammarie-les-Lys;48.52610816749576;2.637657692667068;dammarie@busca.fr / 01 64 79 50 80;FOURNITURES
BUSCA;Bu;BUSCA GENNEVILLIERS;92000;GENNEVILLIERS;48.9254221;2.2940122;ILE DE FRANCE;France;3, impasse des Petits Marais, 92230 Gennevilliers;48.94980572354286;2.3183474026864483;gennevilliers@busca.fr / 01 47 94 75 57;FOURNITURES
BUSCA;Bu;BUSCA MEZIERES SUR SEINE;78000;MEZIERES SUR SEINE;48.9597;1.8003;ILE DE FRANCE;France;Sente des Gravois, 78970 Mézières-sur-Seine;48.96279854872408;1.7953855506565526;mezieres@busca.fr / 01 30 04 05 51;FOURNITURES
BUSCA;Bu;BUSCA SAINT THIBAULT DES VIGNES;77000;SAINT THIBAULT DES VIGNES;48.8692;2.6806;ILE DE FRANCE;France;1Bis Rue du Grand Pommeraye, 77400 Saint-Thibault-des-Vignes;48.87557529497355;2.674296214272562;st-thibault@busca.fr / 01 64 30 09 90;FOURNITURES
BUSCA;Bu;BUSCA TRAPPES;78000;TRAPPES;48.7760957;1.9988356;ILE DE FRANCE;France;54 avenue des Frères Lumière, 78190 Trappes;48.75701335114391;1.9796368756938356;trappes@busca.fr / 01 30 16 00 09;FOURNITURES
BUSCA;Bu;BUSCA VILLIERS LE BEL;95000;VILLIERS LE BEL;49.0089;2.3981;ILE DE FRANCE;France;Avenue du 8 mai 1945, 95400 Villiers-le-Bel;49.01674523271623;2.4296273579474374;Villiers@busca.fr / 01 39 33 00 60;FOURNITURES
LARIVIERE;LA;LARIVIERE TRAPPES;78000;TRAPPES;48.7760957;1.9988356;ILE DE FRANCE;France;ZA Trappes-Elancourt, Allée du ruisseau de Gironde, 78190 Trappes;48.760436349831814;1.9775870310806587;—;FOURNITURES
LARIVIERE;LA;LARIVIERE CHAMPLAN;91000;CHAMPLAN;48.7083;2.2786;ILE DE FRANCE;France;ZA Chemin Blanc, Rue du Chemin Blanc, 91160 Champlan;48.70679982453414; 2.293368866422235;—;FOURNITURES
LARIVIERE;LA;LARIVIERE MELUN;77000;MELUN;48.539;2.6603;ILE DE FRANCE;France;305 rue Einstein, ZI Vaux le Pénil, 77000 Melun;48.53265584220413;2.688650038662558;—;FOURNITURES
LARIVIERE;LA;LARIVIERE MALAKOFF;92000;MALAKOFF;48.819;2.299;ILE DE FRANCE;France;54 avenue Augustin Dumont, 92240 Malakoff;48.82256605069965;2.3064299597522484;—;FOURNITURES
LARIVIERE;LA;LARIVIERE PARIS 20;75000;PARIS;48.8534951;2.3483915;ILE DE FRANCE;France;58 boulevard de Charonne, 75020 Paris;48.8645921020535;2.4032469736415765;—;FOURNITURES
LARIVIERE;LA;LARIVIERE PANTIN;93000;PANTIN;48.8956;2.4017;ILE DE FRANCE;France;67 avenue du Général Leclerc, 93500 Pantin;48.9002518593496;2.4083291270123572;—;FOURNITURES
LARIVIERE;LA;LARIVIERE CHELLES;77000;CHELLES;48.8811;2.582;ILE DE FRANCE;France;54 rue Belle Île, 77507 Chelles;48.870853708900704;2.5961003398557976;—;FOURNITURES
LARIVIERE;LA;LARIVIERE MANTES LA JOLIE;78000;EPONE;48.9543;1.8119;ILE DE FRANCE;France;ZA de la Couronne des Prés, Avenue de la Mauldre, 78680 Epône;48.95881593347911;1.8229960969857704;—;FOURNITURES
LARIVIERE;LA;LARIVIERE BEAUCHAMP;95000;BEAUCHAMP;49.0167;2.2;ILE DE FRANCE;France;269 Chemin Jules César, 95250 Beauchamp;49.024941727515575;2.1993542697560757;—;FOURNITURES
CLIM PLUS;clim+;PANTIN CLIM+;93000;PANTIN;48.8956;2.4017;ILE DE FRANCE;France;110 BIS AV DU GENERAL LECLERCHALLE DE PANTIN,93500 PANTIN;48.90165372099471;2.4177762055698326;—;FOURNITURES
CLIM PLUS;clim+;CORBEIL CLIM+;91000;CORBEILESSONNES;48.6137734;2.4818087;ILE DE FRANCE;France;RUE FERNAND RAYNAUD,91100 CORBEIL-ESSONNES;48.62304469317895;2.4699443803119356;—;FOURNITURES
CLIM PLUS;clim+;LA QUEUE EN BRIE CLIM+;94000;LA QUEUEEN BRIE;48.78639;2.57889;ILE DE FRANCE;France;20 AV DU GENERAL DE GAULLE,94510 LA QUEUE EN BRIE;48.7790816390587;2.5747199327425063;—;FOURNITURES
CLIM PLUS;clim+;MAISONS-ALFORT CLIM+;94000;MAISONS ALFORT;48.8019;2.4326;ILE DE FRANCE;France;88 Av. de la République, 94700 Maisons-Alfort, France;48.804756082944124;2.442106527764292;01 43 90 12 90;FOURNITURES
CLIM PLUS;clim+;VILLENEUVE CLIM+;92000;VILLENEUVE LA GARENNE;48.93472;2.32861;ILE DE FRANCE;France;4 Rue de la Litte, 92390 Villeneuve-la-Garenne;48.92739628289257;2.321055274257471;—;FOURNITURES
CLIM PLUS;clim+;NANTERRE CLIM+;92000;NANTERRE;48.89056;2.20889;ILE DE FRANCE;France;16 Avenue des Guilleraies, 92000 Nanterre;48.895458790552965;2.185452994284943;—;FOURNITURES
CLIM PLUS;clim+;AULNAY SOUS BOIS CLIM+;93000;AULNAY SOUS BOIS;48.934231;2.499789;ILE DE FRANCE;France;17 Rue Henri Becquerel, 93600 Aulnay-sous-Bois;48.9468014825558;2.4818836705087852;—;FOURNITURES
CLIM PLUS;clim+;COIGNIERES CLIM+;78000;COIGNIERES;48.7671468;1.9193679;ILE DE FRANCE;France;6-8 Rue Marie Curie, 78310 Coignières;48.75843487568091;1.932265481572857;—;FOURNITURES
YESSS ELECTRIQUE;YESSS Electrique;AGENCE DE PARIS 10;75000;PARIS;48.8534951;2.3483915;ILE DE FRANCE;France;63 quai de Valmy;48.871215686025806;2.364963650124208;01 40 18 48 48 paris10@yesss-fr.com;FOURNITURES
YESSS ELECTRIQUE;YESSS Electrique;AGENCE DE PARIS 14;75000;PARIS;48.965057562602446;2.9534540924192885;ILE DE FRANCE;France;26 rue Gassendi;48.835755304630545;2.3319643175781417;01 43 20 21 21 paris14@yesss-fr.com;FOURNITURES
YESSS ELECTRIQUE;YESSS Electrique;AGENCE DE PARIS 13;75000;PARIS;48.8534951;2.3483915;ILE DE FRANCE;France;2 - 8 rue Albert EINSTEIN;48.826927786570536;2.384391174864193;01 40 01 00 10 paris13@yesss-fr.com;FOURNITURES
YESSS ELECTRIQUE;YESSS Electrique;AGENCE DE NEMOURS;77000;NEMOURS;48.2672;2.6927;ILE DE FRANCE;France;ZAC des hauteurs du Loing,27 chemin des Mazes;48.27667321403433;2.7088061595338773;01 64 45 54 54 nemours@yesss-fr.com;FOURNITURES
YESSS ELECTRIQUE;YESSS Electrique;AGENCE DE PONTAULT COMBAULT;77000;PONTAULT COMBAULT;48.7973;2.6067;ILE DE FRANCE;France;16 - 18 rue de Paris,RN 4;48.777629292531905;2.5980985441296123;01 60 18 21 21 pontaultcombault@yesss-fr.com;FOURNITURES
YESSS ELECTRIQUE;YESSS Electrique;AGENCE DE MEAUX;77000;MEAUX;48.9601;2.8883;ILE DE FRANCE;France;3 B avenue de la Victoire;48.95720197226321;2.9085634517072934;01 60 09 55 66 meaux@yesss-fr.com;FOURNITURES
YESSS ELECTRIQUE;YESSS Electrique;AGENCE DE MELUN;77000;VAUX LE PENIL;48.5255542;2.6831642;ILE DE FRANCE;France;269 rue du Maréchal Juin,Accueil 46, Livraison 45;48.53933227461879;2.684576327518456;01 64 37 08 71 melun@yesss-fr.com;FOURNITURES
YESSS ELECTRIQUE;YESSS Electrique;AGENCE DE LIEUSAINT;77000;LIEUSAINT;48.6347;2.5486;ILE DE FRANCE;France;ZAC du Levant,333 avenue Marguerite PEREY - Bât. A2;48.62273352526937;2.5627383603765663;01 60 02 50 02 lieusaint@yesss-fr.com;FOURNITURES
YESSS ELECTRIQUE;YESSS Electrique;AGENCE D'EVRY;91000;EVRY LISSES;48.6290;2.4350;ILE DE FRANCE;France;19 rue des Pyrénées;48.605460647756466;2.439171795300239;01 69 11 20 00 evry@yesss-fr.com;FOURNITURES
YESSS ELECTRIQUE;YESSS Electrique;AGENCE DE PALAISEAU;91000;PALAISEAU;48.7149;2.2450;ILE DE FRANCE;France;6 rue Ambroise Crozat;48.85438229643367;2.7225780850504826;01 69 74 10 19 palaiseau@yesss-fr.com;FOURNITURES
YESSS ELECTRIQUE;YESSS Electrique;AGENCE DE MONTLHERY;91000;MONTLHERY;48.6403;2.2723;ILE DE FRANCE;France;31 rue du pont aux Pins;48.64954191332458; 2.2751100058882217;01 69 63 30 60 montlhery@yesss-fr.com;FOURNITURES
YESSS ELECTRIQUE;YESSS Electrique;AGENCE DE BAGNEUX;92000;BAGNEUX;48.795056;2.3027323;ILE DE FRANCE;France;10 allée du Parc de Garlande;48.800862556935805;2.309070958449472;01 55 48 91 91 chatillon@yesss-fr.com;FOURNITURES
YESSS ELECTRIQUE;YESSS Electrique;AGENCE DE VILLENEUVE LA GARENNE;92000;VILLENEUVE LA GARENNE;48.9370;2.3270;ILE DE FRANCE;France;32 - 34 avenue Marc SANGNIER;48.92930449684142;2.3283051051247052;01 41 21 31 00 villeneuvelagarenne@yesss-fr.com;FOURNITURES
YESSS ELECTRIQUE;YESSS Electrique;AGENCE DE NANTERRE;92000;NANTERRE;48.8924;2.2066;ILE DE FRANCE;France;28 rue des Agglomérés;48.89654185841163;2.1848404447631626;01 40 99 08 59 nanterre@yesss-fr.com;FOURNITURES
YESSS ELECTRIQUE;YESSS Electrique;AGENCE DE ROSNY;93000;ROSNY SOUS BOIS;48.8700;2.4830;ILE DE FRANCE;France;147 boulevard Alsace Lorraine;49.044334539693715;2.7666865136726977;01 48 70 21 63 rosny@yesss-fr.com;FOURNITURES
YESSS ELECTRIQUE;YESSS Electrique;AGENCE D'AUBERVILLIERS;93000;AUBERVILLIERS;48.9146078;2.3821895;ILE DE FRANCE;France;65 rue des Cités;49.032343378117396;2.9426306867985033;01 48 11 93 93 aubervilliers@yesss-fr.com;FOURNITURES
YESSS ELECTRIQUE;YESSS Electrique;AGENCE DE VALENTON;94000;VALENTON;48.7452;2.4634;ILE DE FRANCE;France;ZAC du champ Saint Julien,Rue Henri Moissan;48.7513736586758;2.456250083250772;01 43 89 44 00 valenton@yesss-fr.com;FOURNITURES
YESSS ELECTRIQUE;YESSS Electrique;AGENCE DE CHAMPIGNY;94000;CHAMPIGNY SUR MARNE;48.8162;2.4930;ILE DE FRANCE;France;16 rue Serpente;48.817114322944725;2.5318212756360507;01 45 16 26 00 champigny@yesss.fr;FOURNITURES
YESSS ELECTRIQUE;CEF - YESSS ELECTRIQUE;YESSS ÉLECTRIQUE (DIRECTION REGIONALE PARIS EST);95000;HERBLAY;48.9906;2.1680;ILE DE FRANCE;France;38 AVENUE DU GROS CHENE 95220 HERBLAY-SUR-SEINE;49.022450850667305;2.1219578384416464;drparisest@yesss.fr;FOURNITURES
YESSS ELECTRIQUE;YESSS Electrique;AGENCE DE GONESSE;95000;GONESSE;48.9869;2.4500;ILE DE FRANCE;France;6 bis rue Berthelot;48.98432509320225;2.4574720141556416;01 34 07 88 88 gonesse@yesss-fr.com;FOURNITURES
YESSS ELECTRIQUE;YESSS Electrique;AGENCE D'ARGENTEUIL;95000;ARGENTEUIL;48.9479069;2.2481797;ILE DE FRANCE;France;218 route de Pontoise;49.14027104380868;2.6130408419515785;01 34 10 14 00 argenteuil@yesss-fr.com;FOURNITURES
YESSS ELECTRIQUE;YESSS Electrique;AGENCE DE CHAMPAGNE SUR OISE;95000;CHAMPAGNE SUR OISE;49.1353;2.2443;ILE DE FRANCE;France;1 rue Lavoisier Lot 6,ZA du Paradis;49.1441709376748;2.2560840638691593;01 30 28 21 07 champagnesuroise@yesss-fr.com;FOURNITURES
YESSS ELECTRIQUE;YESSS Electrique;AGENCE DE SAINT LEU LA FORET;95000;SAINT LEU LA FORET;49.0167;2.2500;ILE DE FRANCE;France;1 rue Charles CROS;49.0032181411104;2.252649928471964;01 34 18 88 18 saintleu@yesss-fr.com;FOURNITURES
KILOUTOU ;KILOUT;KILOUTOU  ETAMPES ETRECHY;91000;ETRECHY;48.4935;2.1904;ILE DE FRANCE;France;ZAC des Gravelles, 9 rue Tulipiers, 91580 Étréchy;48.48869281828167;2.1977827691319227;01 89 16 57 45;PETITS ENGINS
KILOUTOU ;KILOUT;KILOUTOU THIAIS;94000;THIAIS;48.7758;2.3879;ILE DE FRANCE;France;5 rue Alouettes, 94320 Thiais;48.75216514568523;2.3774463035201814;01 83 62 99 47;PETITS ENGINS
KILOUTOU ;KILOUT;KILOUTOU TP PORT DE GENNEVILLIERS;92000;GENNEVILLIERS;48.9254221;2.2940122;ILE DE FRANCE;France;15 chemin Petits Marais, 92230 Gennevilliers;48.94591451371501;2.302652021288767;01 89 16 49 58;PETITS ENGINS
KILOUTOU ;KILOUT;KILOUTOU ORSAY SACLAY;91000;ORSAY;48.6979;2.1818;ILE DE FRANCE;France;16 rue Nicolas Appert, 91400 Orsay;48.710082743787964;2.1788338114737273;01 59 30 29 58;PETITS ENGINS
KILOUTOU ;KILOUT;KILOUTOU IVRY-SUR-SEINE;94000;IVRY SUR SEINE;48.8130;2.4014;ILE DE FRANCE;France;122 boulevard Stalingrad, 94200 Ivry-sur-Seine;48.80200959209641;2.3814660124632736;01 89 16 53 65;PETITS ENGINS
KILOUTOU ;KILOUT;KILOUTOU CLAMART;92000;CLAMART;48.7998;2.2629;ILE DE FRANCE;France;231 Avenue du Général de Gaulle, 92140 Clamart, France;48.786898496106275;2.257817255169248;01 89 16 51 91;PETITS ENGINS
KILOUTOU ;KILOUT;KILOUTOU  EPINAY-SUR-SEINE;93000;EPINAY SUR SEINE;48.95861;2.30361;ILE DE FRANCE;France;171 route de Saint-Leu, 93800 Épinay-sur-Seine;48.95478140978262;2.3338805231354858;01 84 25 42 52;PETITS ENGINS
KILOUTOU ;KILOUT;KILOUTOU COIGNIÈRES;78000;COIGNIERES;48.7671468;1.9193679;ILE DE FRANCE;France;N10, 100 voie Latérale Nord, 78310 Coignières;48.75018458236313;1.9272928716520143;01 84 25 42 33;PETITS ENGINS
KILOUTOU ;KILOUT;KILOUTOU BONNEUIL-SUR-MARNE  ;94000;BONNEUIL SUR MARNE;48.7742;2.4792;ILE DE FRANCE;France;La Plateforme du Bâtiment, 27 avenue du Maréchal Leclerc, 94380 Bonneuil-sur-Marne;48.775050999221314;2.493041931081464;01 89 16 53 38;PETITS ENGINS
KILOUTOU ;KILOUT;KILOUTOU OSNY;95000;OSNY;49.0628;2.0628;ILE DE FRANCE;France;Zone d'Activités La Demi Lieue, route départementale 915, 95520 Osny;49.0725166844515;2.0799624286805987;01 89 16 58 30;PETITS ENGINS
KILOUTOU ;KILOUT;KILOUTOU TP MITRY-MORY;77000;MITRY MORY;48.9839;2.6167;ILE DE FRANCE;France;Zone Industrielle Mitry Compans, 4 rue Marcelin Berthelot, 77290 Mitry-Mory;48.98055105063185;2.6448612998403482;01 89 16 50 44;PETITS ENGINS
KILOUTOU ;KILOUT;KILOUTOU  EL EVATION MAUREPAS;78000;MAUREPAS;48.7611;1.9442;ILE DE FRANCE;France;18 rue Montfort, 78310 Maurepas;48.76406444451163;1.9190760292346318;—;PETITS ENGINS
KILOUTOU ;KILOUT;KILOUTOU ROISSY;95000;ROISSY EN FRANCE;49.0042;2.5156;ILE DE FRANCE;France;29 rue Jean Moulin, 95700 Roissy-en-France;49.00417078204675;2.508160709643727;01 89 16 58 38;PETITS ENGINS
KILOUTOU ;KILOUT;KILOUTOU PARIS 14ÈME PORTE D'ORL EANS;75000;PARIS;48.8534951;2.3483915;ILE DE FRANCE;France;1 rue Monticelli, 75014 Paris;48.82223762900511;2.3298901538095644;01 89 16 56 25;PETITS ENGINS
KILOUTOU ;KILOUT;KILOUTOU BOUGIVAL;78000;BOUGIVAL;48.8631;2.1383;ILE DE FRANCE;France;Route Nationale 13, 14 rue Yvan Tourgueneff, 78380 Bougival;48.86802699137851;2.14712341148243;01 89 16 53 06;PETITS ENGINS
KILOUTOU ;KILOUT;KILOUTOU PARIS 18ÈME PORTE DE CLIGNANCOURT;75000;PARIS;48.8534951;2.3483915;ILE DE FRANCE;France;Boulevard Ney, 75018 Paris;48.8981360495891;2.3368561802316723;01 89 16 55 87;PETITS ENGINS
KILOUTOU ;KILOUT;KILOUTOU SERVON;77000;SERVON;48.7161;2.5858;ILE DE FRANCE;France;Parking Baudry, route Nationale 19, 77170 Servon;48.70843480900995;2.5896070476936313;01 89 16 56 62;PETITS ENGINS
KILOUTOU ;KILOUT;KILOUTOU LIVRY-GARGAN;93000;LIVRY GARGAN;48.917335;2.5298854;ILE DE FRANCE;France;29 avenue du Consul Général Nordling, 93190 Livry-Gargan;48.91972955756682;2.534373425519717;01 89 16 54 85;PETITS ENGINS
KILOUTOU ;KILOUT;KILOUTOU  EL EVATION ET TERRASSEMENT THIAIS;94000;THIAIS;48.7758;2.3879;ILE DE FRANCE;France;7 rue Alouettes, 94320 Thiais;48.752055985763306;2.3762936996595507;01 83 62 99 47;PETITS ENGINS
KILOUTOU ;KILOUT;KILOUTOU VAUX-LE-P ENIL;77000;VAUX LE PENIL;48.5255542;2.6831642;ILE DE FRANCE;France;920 rue du Maréchal Juin, 77000 Vaux-le-Pénil;48.53678653517122;2.691249571166472;01 89 16 57 74;PETITS ENGINS
KILOUTOU ;KILOUT;KILOUTOU COIGNIÈRES  ;78000;COIGNIERES;48.7671468;1.9193679;ILE DE FRANCE;France;5 route Nationale 10, 78310 Coignières;48.75489112233257;1.9399422107312132;01 89 16 57 81;PETITS ENGINS
KILOUTOU ;KILOUT;KILOUTOU COLOMBES;92000;COLOMBES;48.9225;2.2543;ILE DE FRANCE;France;Pont de Bezons, 372 rue Président Salvador Allende, 92700 Colombes;48.91969652326021;2.22666975381493;01 89 16 52 19;PETITS ENGINS
KILOUTOU ;KILOUT;KILOUTOU SAINTE-GENEVIÈVE-DES-BOIS;91000;SAINTE GENEVIEVE DES BOIS;48.6407872;2.3259129;ILE DE FRANCE;France;ZAC Croix Blanche, 23 avenue Hurepoix, 91700 Sainte-Geneviève-des-Bois;48.6259066263863;2.35253785876635;01 89 16 50 14;PETITS ENGINS
KILOUTOU ;KILOUT;KILOUTOU RAMBOUILLET;78000;RAMBOUILLET;48.6452851;1.819207;ILE DE FRANCE;France;4 rue Pierre Métairie, 78120 Rambouillet;48.622549610275755;1.8279448728316743;01 84 25 42 35;PETITS ENGINS
KILOUTOU ;KILOUT;KILOUTOU HERBLAY;95000;HERBLAY;48.9902;2.1646;ILE DE FRANCE;France;12 rue René Cassin, 95220 Herblay-sur-Seine;48.999811791902694;2.1832031194455768;01 89 16 51 28;PETITS ENGINS
KILOUTOU ;KILOUT;KILOUTOU - SERVICE  EL EVATION ROSNY-SUR-SEINE;78000;ROSNY SUR SEINE;49.0002;1.6315;ILE DE FRANCE;France;Rue Buchelay, 78710 Rosny-sur-Seine;48.991779489919175;1.6446142096430374;01 89 16 51 25;PETITS ENGINS
KILOUTOU ;KILOUT;KILOUTOU PARIS 19ÈME ROSA PARKS;75000;PARIS;48.8534951;2.3483915;ILE DE FRANCE;France;214 boulevard Macdonald, 75019 Paris;48.89906247254329;2.3727060998358653;01 89 16 55 64;PETITS ENGINS
KILOUTOU ;KILOUT;KILOUTOU MELUN-S ENART SAVIGNY-LE-TEMPLE;77000;SAVIGNY LE TEMPLE;48.5833;2.5818;ILE DE FRANCE;France;Centre commercial Boissénart, 20 allée Cobalt, 77176 Savigny-le-Temple;48.586870298399184;2.593583640873193;01 89 16 57 66;PETITS ENGINS
KILOUTOU ;KILOUT;KILOUTOU  EMERAINVILLE;77000;EMERAINVILLE;48.8117;2.6247;ILE DE FRANCE;France;Boulevard Beaubourg, 77184 Émerainville;48.816130936057476;2.6211621667326646;01 83 62 99 16;PETITS ENGINS
KILOUTOU ;KILOUT;KILOUTOU VILLEMOMBLE  ;93000;VILLEMOMBLE;48.8893;2.5098;ILE DE FRANCE;France;15 rue Laennec, 93250 Villemomble;48.882115488408274;2.5121032095304705;01 89 16 54 57;PETITS ENGINS
KILOUTOU ;KILOUT;KILOUTOU CHELLES;77000;CHELLES;48.8787;2.5925;ILE DE FRANCE;France;163 avenue Gendarme Castermant, 77500 Chelles;48.87931979893306;2.6183763170216867;01 89 16 56 92;PETITS ENGINS
KILOUTOU ;KILOUT;KILOUTOU BOULOGNE-BILLANCOURT;92000;BOULOGNE BILLANCOURT;48.8352;2.2409;ILE DE FRANCE;France;101 Route de la Reine, 92100 Boulogne-Billancourt;48.83987410762254;2.2374465501181238;01 89 16 51 96;PETITS ENGINS
KILOUTOU ;KILOUT;KILOUTOU LA  DEFENSE PUTEAUX;92000;PUTEAUX;48.8804;2.2384;ILE DE FRANCE;France;11 rue Moulin, 92800 Puteaux;48.887624508309926;2.24006841943937;01 89 16 53 05;PETITS ENGINS
KILOUTOU ;KILOUT;KILOUTOU PARIS 12ÈME PORTE DE VINCENNES;75000;PARIS;48.8534951;2.3483915;ILE DE FRANCE;France;114 cours Vincennes, 75012 Paris;48.846917880604686;2.410355075261275;01 89 16 51 90;PETITS ENGINS
KILOUTOU ;KILOUT;KILOUTOU  EL EVATION COURCOURONNES;91000;COURCOURONNES;48.6186;2.4243;ILE DE FRANCE;France;4 Bis rue Bois Briard, 91080 Courcouronnes;48.622266283127665;2.4214809077764885;01 89 16 50 28;PETITS ENGINS
KILOUTOU ;KILOUT;KILOUTOU NANTERRE  ;92000;NANTERRE;48.8924;2.2071;ILE DE FRANCE;France;9 rue Fondrières, 92000 Nanterre;48.89328358640435;2.1840728114838353;01 89 16 52 24;PETITS ENGINS
KILOUTOU ;KILOUT;KILOUTOU CORBEIL-ESSONNES;91000;CORBEILESSONNES;48.6138;2.4428;ILE DE FRANCE;France;11 rue Fernand Raynaud, 91100 Corbeil-Essonnes;48.62340901602358;2.4708039501062014;01 89 16 58 74;PETITS ENGINS
KILOUTOU ;KILOUT;KILOUTOU ROSNY-SOUS-BOIS;93000;ROSNY SOUS BOIS;48.8732;2.4849;ILE DE FRANCE;France;8 rue Lisbonne, 93110 Rosny-sous-Bois;48.88041780595949;2.4753640170217115;01 89 16 54 63;PETITS ENGINS
KILOUTOU ;KILOUT;KILOUTOU PARIS 13ÈME;75000;PARIS;48.8534951;2.3483915;ILE DE FRANCE;France;73 rue Patay, 75013 Paris;48.82638160237437;2.373108958272463;01 89 16 56 07;PETITS ENGINS
KILOUTOU ;KILOUT;KILOUTOU CHAMPIGNY-SUR-MARNE  ;94000;CHAMPIGNY SUR MARNE;48.8118;2.5029;ILE DE FRANCE;France;89 rue Alexandre Fourny, 94500 Champigny-sur-Marne;48.819634606071226;2.5242718955680337;01 89 16 56 83;PETITS ENGINS
KILOUTOU ;KILOUT;KILOUTOU PARIS 8ÈME SAINT LAZARE;75000;PARIS;48.8534951;2.3483915;ILE DE FRANCE;France;71 rue de Rome 75008 Paris;48.88086922735298;2.3218495458569164;01 89 16 55 83;PETITS ENGINS
KILOUTOU ;KILOUT;KILOUTOU MONTREUIL PORTE DE BAGNOLET;93000;MONTREUIL;48.8623;2.4412;ILE DE FRANCE;France;103 boulevard Chanzy 93100 Montreuil;48.85863315075781;2.4288936537413592;01 89 16 55 57;PETITS ENGINS
KILOUTOU ;KILOUT;KILOUTOU LIVRY-GARGAN  ;93000;LIVRY GARGAN;48.917335;2.5298854;ILE DE FRANCE;France;55 rue Lucie Aubrac 93190 Livry Gargan;48.931797847705795;2.55737604766043;01 89 16 55 06;PETITS ENGINS
KILOUTOU ;KILOUT;KILOUTOU SCEAUX;92000;SCEAUX;48.7778;2.2905;ILE DE FRANCE;France;138-140 avenue Gén Leclerc 92330 Sceaux;48.775621909202506;2.313998857499421;01 89 16 56 05;PETITS ENGINS
KILOUTOU ;KILOUT;KILOUTOU CHAVILLE;92000;CHAVILLE;48.8058;2.1883;ILE DE FRANCE;France;264 avenue Roger Salengro 92370 Chaville;48.81836553719044;2.1973353231279584;01 89 16 51 92;PETITS ENGINS
KILOUTOU ;KILOUT;KILOUTOU CHENNEVIÈRES - ORMESSON;94000;CHENNEVIERES SUR MARNE;48.7997;2.5323;ILE DE FRANCE;France;Avenue Hippodrome 94430 Chennevières-sur-Marne;48.79299443068799;2.555937032928631;01 89 16 56 63;PETITS ENGINS
KILOUTOU ;KILOUT;KILOUTOU AUBERVILLIERS  ;93000;AUBERVILLIERS;48.9146078;2.3821895;ILE DE FRANCE;France;85 boulevard Félix Faure 93300 Aubervilliers;48.90580765222818;2.381469942165891;01 89 16 51 42;PETITS ENGINS
KILOUTOU ;KILOUT;KILOUTOU IVRY-SUR-SEINE  ;94000;IVRY SUR SEINE;48.8147;2.3995;ILE DE FRANCE;France;21 rue des Péniches 94200 Ivry-sur-Seine;48.8208;2.3930;01 89 16 53 37;PETITS ENGINS
KILOUTOU ;KILOUT;KILOUTOU EVATION HERBLAY;95000;HERBLAY;48.9902;2.1646;ILE DE FRANCE;France;6 rue René Cassin 95220 Herblay-sur-Seine;48.99851585774764;2.183933713335858;01 89 16 51 28;PETITS ENGINS
KILOUTOU ;KILOUT;KILOUTOU VILLENEUVE-LA-GARENNE  ;92000;VILLENEUVE LA GARENNE;48.9372;2.3283;ILE DE FRANCE;France;2 avenue Longue Bertrane 92390 Villeneuve-la-Garenne;48.927972928676915;2.319822781684255;01 89 16 54 56;PETITS ENGINS
KILOUTOU ;KILOUT;BERGERAT MONNOYEUR LOCATION KILOUTOU;77000;POINCY;48.9667;2.9333;ILE DE FRANCE;France;31 avenue Meaux 77470 Poincy;48.96596872580705;2.9195014221313262;01 60 01 28 88;PETITS ENGINS
KILOUTOU ;KILOUT;KILOUTOU MODULE PARIS SUD;94000;VILLENEUVE LE ROI;48.7369;2.4131;ILE DE FRANCE;France;Rue Jean Pierre Timbaud 94290 Villeneuve-le-Roi;48.99219661510773;2.367841941590896;01 89 16 51 29;PETITS ENGINS
KILOUTOU ;KILOUT;KILOUTOU SIGNALISATION;95000;GENICOURT;49.0911;2.0669;ILE DE FRANCE;France;35 rue des Fossettes 95650 Génicourt;49.08533967170148;2.0712013961537368;09 72 37 75 75;PETITS ENGINS
KILOUTOU ;KILOUT;KILOUTOU CRETEIL;94000;CRETEIL;48.7833;2.4500;ILE DE FRANCE;France;Rue Fontaine Saint Christophe 94000 Créteil;48.78140575948923;2.440183361192129;01 89 16 53 08;PETITS ENGINS
KILOUTOU ;KILOUT;KILOUTOU ALFORTVILLE  ;94000;ALFORTVILLE;48.7994;2.4206;ILE DE FRANCE;France;9 chemin Villeneuve Saint-Georges 94140 Alfortville;48.77961361162267;2.430799399258235;01 89 16 53 09;PETITS ENGINS
KILOUTOU ;KILOUT;KILOUTOU  EL EVATION ET TERRASSEMENT GENNEVILLIERS;92000;GENNEVILLIERS;48.9254221;2.2940122;ILE DE FRANCE;France;88 avenue Vieux Chemin de Saint-Denis 92230 Gennevilliers;48.93140431797848; 2.3173701196095973;01 89 16 49 47;PETITS ENGINS
KILOUTOU ;KILOUT;KILOUTOU PIERRELAYE  ;95000;PIERRELAYE;49.0232238;2.1557343;ILE DE FRANCE;France;2 avenue Général Leclerc 95480 Pierrelaye;49.014176860358695;2.15964358307355;01 89 16 58 34;PETITS ENGINS
KILOUTOU ;KILOUT;KILOUTOU  ENERGIE ÎLE-DE-FRANCE;77000;SAVIGNY LE TEMPLE;48.5833;2.5818;ILE DE FRANCE;France;35 rue de l’Étain 77176 Savigny-le-Temple;48.58909174252729;2.589072070744275;01 89 16 58 68;PETITS ENGINS
KILOUTOU ;KILOUT;KILOUTOU HOUILLES;78000;HOUILLES;48.9210;2.1926;ILE DE FRANCE;France;105 boulevard Henri Barbusse 78800 Houilles;48.93323904234824;2.1801537771122343;01 89 16 52 40;PETITS ENGINS
KILOUTOU ;KILOUT;KILOUTOU - SERVICE  EL EVATION ET TERRASSEMENT IDF NORD;95000;SAINT OUEN L'AUMONE;49.0992941;2.1513279;ILE DE FRANCE;France;16 rue Equerre 95310 Saint-Ouen-l'Aumône;49.04300889470503;2.1324647726789134;01 59 30 29 77;PETITS ENGINS
KILOUTOU ;KILOUT;KILOUTOU SAINT-DENIS STADE DE FRANCE;93000;SAINT DENIS;48.9362;2.3574;ILE DE FRANCE;France;41 boulevard Anatole France 93200 Saint-Denis;48.926538554055945;2.3525411384746278;01 89 16 55 60;PETITS ENGINS
KILOUTOU ;KILOUT;KILOUTOU PARIS 16 AUTEUIL;75000;PARIS;48.8534951;2.3483915;ILE DE FRANCE;France;84 Bd Murat, 75016 Paris, France;48.84113864774547;2.25649484746536;01 89 16 51 99;PETITS ENGINS
KILOUTOU ;KILOUT;KILOUTOU TP MOISSY-CRAMAYEL;77000;MOISSY CRAMAYEL;48.6254;2.5936;ILE DE FRANCE;France;220 avenue Blaise Pascal 77550 Moissy-Cramayel;48.62069247660405;2.570332234765394;01 59 30 29 48;PETITS ENGINS
KILOUTOU ;KILOUT;KILOUTOU CLIMATEC;91000;SAINT PIERRE DU PERRAY;48.6106;2.5089;ILE DE FRANCE;France;45 rue du Trou Grillon 91280 Saint-Pierre-du-Perray;48.61770804596878;2.507080254369356;01 59 30 27 33;PETITS ENGINS
KILOUTOU ;KILOUT;KILOUTOU FORMATION BUCHELAY;78000;BUCHELAY;48.9800;1.6700;ILE DE FRANCE;France;3 rue des Piquettes 78200 Buchelay;48.990289173991;1.682915669159521;01 59 30 24 36;PETITS ENGINS
FGG LOCATION;FGG LOCATION;FGG LOCATION;94000;BOISSY SAINT LEGER;48.7543;2.5120;ILE DE FRANCE;France;3 avenue Charles de Gaulle, 94470 Boissy-Saint-Léger;48.75268101753637;2.5024606689628515;—;PETITS ENGINS
SPME;SPME;SPME;92000;GENNEVILLIERS;48.9254221;2.2940122;ILE DE FRANCE;France;SITE SPME GENNEVILLIERS 13 RTE DU MOLE CENTRAL 92230 GENNEVILLIERS;48.94517031381545;2.2796146367795456;contact@spme-materiaux.fr / 01 47 94 24 40;FOURNITURES
SPME;SPME;SPME;94000;BONNEUIL SUR MARNE;48.7742;2.4792;ILE DE FRANCE;France;"CENTRALE DE BONNEUIL
27 RTE DE L'ILE ST JULIEN
94380 BONNEUIL SUR MARNE";48.779166364148274;2.4906749754043207;—;FOURNITURES
EUROVIA;EUROVIA;EUROVIA;95000;SAINT GRATIEN;48.9649;2.2856;ILE DE FRANCE;France;78 bd du Maréchal Foch,95210 SAINT-GRATIEN;48.96382246490344;2.289383979619452;st-gratien@eurovia.com;FOURNITURES
MEL ;MATERIAUX ROUTIERS FRANCILIENS;MEL ;91000;MICHEL SUR ORGE;48.6345;2.3086;ILE DE FRANCE;France;13, avenue de Condorcet 91240 ST MICHEL SUR ORGE;48.622991517138196;2.3211780593372304;"
dunia.gouchet@eurovia.com";MATERIEL BLANC 
MRF;MATERIAUX ROUTIERS FRANCILIENS;MRF (SIÈGE SOCIAL);94000;BONNEUIL SUR MARNE;48.7742;2.4792;ILE DE FRANCE;France;"10 carrefour Charles de Gaulle
94380 Bonneuil sur Marne";48.76834494375582;2.4869229280803213;—;MATERIEL BLANC 
MEL;MEL ;MEL GRIGNY;91000;GRIGNY;48.6530;2.3880;ILE DE FRANCE;France;Chem. Latéral, 91350 Grigny, France;48.66663206826589;2.400189924006098;—;FOURNITURES
MEL;MEL;MEL THIVERVAL-GRIGNON;78000;THIVERVAL GRIGNON ;48.8470;1.9260;ILE DE FRANCE;France;"ZA DU PONT CAILLOUX
RTE DES NOURRICES
78850 THIVERVAL-GRIGNON";48.83211533869394;1.930572426821139;—;FOURNITURES
MEL;MEL;MEL MOISSY-CRAMAYEL;77000;MOISSY CRAMAYEL;48.6254;2.5936;ILE DE FRANCE;France;"RUE LOUIS DE BROGLIE
77550 MOISSY-CRAMAYEL";48.61418988725123;2.580212586959637;—;FOURNITURES
MRF;MATERIAUX ROUTIERS FRANCILIENS;MRF;93000;AUBERVILLIERS;48.9146078;2.3821895;ILE DE FRANCE;France;"QUAI ADRIEN AGNES
93300 AUBERVILLIERS";48.91860376428906;2.3693601816138727;—;FOURNITURES
SPL;SPL;SPL NANTERRE;92000;NANTERRE;48.8920;2.2060;ILE DE FRANCE;France;"AVENUE JULES QUENTIN
92000 NANTERRE";48.90103792054696;2.1819080323635656;—;FOURNITURES
MEL;MEL;MEL VERT-LE-GRAND;91000;VERT LE GRAND;48.5680;2.3530;ILE DE FRANCE;France;"LD L'ORME AUX CHATS
91810 VERT-LE-GRAND";48.59084787191272;2.391668327664468;—;FOURNITURES
SPL;SPL;SPL LES MUREAUX;78000;LES MUREAUX;48.9931578;1.909928;ILE DE FRANCE;France;"ZI LES GARENNES
RUE DU PETIT CHEMIN DE FLINS
78130 LES MUREAUX";48.9832141144251;1.8976187410800427;—;FOURNITURES
SPL;SPL;SPL GENNEVILLIERS;92000;GENNEVILLIERS;48.9254221;2.2940122;ILE DE FRANCE;France;"13 ROUTE DU PORT CHARBONNIER
92230 GENNEVILLIERS";48.939895496546285;2.274290578387776;—;FOURNITURES
MRF;MRF;MRF MASSY;91000;MASSY;48.730158;2.2766735;ILE DE FRANCE;France;13 ROUTE DE LA BONDE,91300 MASSY;48.718007484338685;2.275911739034177;—;FOURNITURES
PROQUAI ;Proquai ;PROQUAI ;95000;FREPILLON;49.0472;2.1861;ILE DE FRANCE;France;2 Chemin de la Justice ZAE du Montubois Lot 9 95740 FREPILLON;49.058404;2.211823;" 01 39 60 62 97
contact@proquai.fr";FOURNITURES
PARC NET;PARC NET SERVICES;PARC NET SERVICES;95000;MERY SUR OISE;49.0580;2.1920;ILE DE FRANCE;France;23 CHEMIN DE PONTOISE, 95540 MERY-SUR-OISE;49.056598137063474;2.166511557996318;03 3 44 54 00 46 / europeennedenegoce@orange.fr;PETITS ENGINS
EUROPEENNE DE NEGOCE;EUROPEENNE DE NEGOCE;EUROPEENNE DE NEGOCE;60000;PONTARME;49.1580;2.5370;ILE DE FRANCE;France;5003F Route de Paris, 60520 Pontarmé, France;49.14921523127332;2.549103196873261;;PIERRES NATURELLES
TECHNO VIA ;SOLOC RABOTAGE ( techno via ) ;SOLOC RABOTAGE ( TECHNO VIA ) ;77000;LIEUSAINT;48.6345;2.5480;ILE DE FRANCE;France;"PARC D'ACTIVITES PARISUD 1
44 RUE DU LUXEMBOURG
77127 LIEUSAINT";48.64176107949992;2.552178818505359;;PETITS ENGINS
RIVAL;RIVAL;RIVAL;75000;PARIS;48.6345;2.5480;ILE DE FRANCE;France;36 AVENUE HOCHE, 75008 PARIS;48.87577901542;2.299353015748;—;MATERIEL BLANC 
ESPACE CLOTURE ;ESPACE CLOTURE ;ESPACE CLOTURE ;77000;LIEUSAINT;48.6345;2.5480;ILE DE FRANCE;France;ZAC DU LEVANT, 535 AVENUE MARGUERITE PEREY, 77127 LIEUSAINT;48.620167867147444;2.56507741585795;—;FOURNITURES
ESPACE CLOTURE ;ESPACE CLOTURE ;ESPACE CLOTURE ;78000;GUITRANCOURT;49.0246;1.8103;ILE DE FRANCE;France;"ROUTE DEPARTEMENTALE 190
37 ROUTE DE MEULAN
78440 GUITRANCOURT";48.990793895996156;1.7630525291039096;—;FOURNITURES
JMVL;JMVL;JMVL;92000;CLAMART;48.6350;1.7770;ILE DE FRANCE;France;1 B RUE PIERRE ET MARIE CURIE, 92140 CLAMART;48.81573424360486;2.376573823639541;0 800 96 04 47 / contactgtr7@gmail.com ;FOURNITURES
ARMA 7;ARMA 7;ARMA 7;95000;AUVERS SUR OISE;48.7904;2.4556;ILE DE FRANCE;France;65 Rue des Gords - 95430 AUVERS SUROISE;49.067040354494274;2.1545231950903756;01.30.36.71.16 /contact@arma7.fr;FOURNITURES
MTOOL;MAX RENAUD (MTOOL);MAX RENAUD (MTOOL);93000;PANTIN;48.6147;2.4746;ILE DE FRANCE;France; 2 IMPASSE DIDEROT, 93500 PANTIN;48.90141685615152;2.4070894617698015;01 48 40 71 18 / contact@maxrenaud.fr;PETITS ENGINS
AB LOC;AB LOC;AB LOC;94000;CRETEIL;48.7904;2.4556;ILE DE FRANCE;France;3 IMPASSE DES MARAIS,94000 CRETEIL;48.7785767883055;2.431459331983775;—;PETITS ENGINS
EIFFAGE ENERGIE SYSTEMES;Eiffage Energie Systemes;EIFFAGE ENERGIE SYSTEMES;93000;SAINT DENIS;48.6147;2.4746;ILE DE FRANCE;France;2 Rue Flora Tristan, 93210 Saint-Denis;48.91529692866633;2.3539573862862633;—;FOURNITURES
EIFFAGE ENERGIE SYSTEMES;Eiffage Energie Systemes;EIFFAGE ENERGIE SYSTEMES;78000;POISSY;48.8770;2.5920;ILE DE FRANCE;France;37 Rue Charles Edouard Jeanneret, 78300 Poissy;48.94633032316924;2.065736519962268;—;FOURNITURES
EIFFAGE ENERGIE SYSTEMES;Eiffage Energie Systemes;EIFFAGE ENERGIE SYSTEMES;78000;LES LOGESEN JOSAS;48.76556;2.14167;ILE DE FRANCE;France;ZI de la Porte des Loges, 5 Rue de la Croix Blanche, 78350 Les Loges-en-Josas;48.76076408181554;2.132551192757854;—;FOURNITURES
EIFFAGE ENERGIE SYSTEMES;Eiffage Energie Systemes;EIFFAGE ENERGIE SYSTEMES;77000;MONTEREAU SUR LE JARD;48.5890;2.6600;ILE DE FRANCE;France;1 Impasse des Courceaux, 77950 Montereau-sur-le-Jard;48.59906613157023;2.681359231978651;—;FOURNITURES
EIFFAGE ENERGIE SYSTEMES;Eiffage Energie Systemes;EIFFAGE ENERGIE SYSTEMES;93000;SAINT DENIS;48.9362;2.3574;ILE DE FRANCE;France;117 Rue du Landy, 93200 Saint-Denis;48.914980917727355;2.3528275912260392;—;FOURNITURES
EIFFAGE ENERGIE SYSTEMES;Eiffage Energie Systemes;EIFFAGE ENERGIE SYSTEMES;92000;NANTERRE;48.8924;2.2153;ILE DE FRANCE;France;28 Rue Lavoisier, 92000 Nanterre;48.89882661119142;2.182406364488488;—;FOURNITURES
EIFFAGE ENERGIE SYSTEMES;Eiffage Energie Systemes;EIFFAGE ENERGIE SYSTEMES;91000;CORBEILESSONNES;48.6147;2.4746;ILE DE FRANCE;France;14 - 16 Rue Gustave Eiffel, 91100 Corbeil-Essonnes;48.61895416706939;2.4659476273441543;—;FOURNITURES
ASU TP;ASU TP;ASU TP;78000;MUREAUX;48.9915;1.9097;ILE DE FRANCE;France;22 Impasse des Coquetiers, 78130 Les Mureaux, France;48.99210393931856;1.9231561965404615;06 48 14 11 42;GRANDS ENGINS
LOC'HIAM;LOC'HIAM;LOC'HIAM;77000;MITRY MORY;48.9776;2.6237;ILE DE FRANCE;France;ZAC DE LA VILETTE AUX AULNES, 7 RUE GALILEE, 77290 MITRY-MORY;48.97411346369105;2.586366422741957;01 60 21 11 00;PETITS ENGINS
LOCA TPSM;LOCA TPSM;LOCA TPSM;77000;BAILLY ROMAINVILLIERS;48.8456;2.8235;ILE DE FRANCE;France;21 BOULEVARD DES ARTISANS, 77700 BAILLY-ROMAINVILLIERS;48.84536644503753;2.828219942851339;01.60.43.01.01;PETITS ENGINS
MICHEL TP;MICHEL TP;MICHEL TP;95000;VIARMES;48.9145;2.3833;ILE DE FRANCE;France;Zone Artisanale De L'Orme D909 95270 VIARMES ,France;49.109776090363326;2.3676955888477913; contact@michel-tp.fr /06-79-85-06-97;PETITS ENGINS
ROOFMART IDF;ROOFMART IDF;ROOFMART IDF;94000;VITRY SUR SEINE;49.1680;2.2980;ILE DE FRANCE;France;"70 - 76 RUE EDITH CAVELL, 94400 VITRY-SUR-SEINE
";48.8039601170118;2.4263777041107994;—;FOURNITURES
ROOFMART IDF;ROOFMART IDF;ROOFMART IDF;77000;CROISSY BEAUBOURG;48.6127;2.3775;ILE DE FRANCE;France;8 RUE DES VIEILLES VIGNES,77183 CROISSY-BEAUBOURG;48.82347443091907;2.658983550462006;—;FOURNITURES
HED;Habitat eco Durable (HED);HABITAT ECO DURABLE (HED);75000;PARIS;48.9020;2.4890;ILE DE FRANCE;France;25 RUE DE PONTHIEU , 75008 Paris France;48.870810731877604;2.3093329793951565;09 86 64 55 59 /  eddy@hed-france.fr ;FOURNITURES
PEPSELEC;PEPSELEC;PEPSELEC;95000;LEPLESSIS BOUCHARD;48.5560;2.2100;ILE DE FRANCE;France;14 B RUE LOUIS ARMAND, 95130 LE PLESSIS-BOUCHARD;48.999897528123554;2.2484855791526352;07 86 16 11 37 / contact@pepselec.fr;FOURNITURES
VIVACITE;VIVACITE;VIVACITE;95000;BEAUCHAMP;48.9020;2.4890;ILE DE FRANCE;France;214 CHAUSSEE JULES CESAR, 95250 BEAUCHAMP;49.01649362399086;2.18059544831792; 06 50 69 19 81/ c.taillandier@viva-cite.com;FOURNITURES
SPACE AND CO;Space and Co;SPACE AND CO;78000;CHATOU;48.9020;2.4890;ILE DE FRANCE;France;"1 BOULEVARD JEAN JAURES
78400 CHATOU,France";48.89892611783437;2.1539205997709785;spaceandco.idf@gmail.com;FOURNITURES
EQWATER;EQWATER;EQWATER;94000;VILLEJUIF;48.7921098;2.3633048;ILE DE FRANCE;France;24 Av. de l'Épi d'Or, 94800 Villejuif, France;48.783640188546194;2.3521118303603648;09.83.44.64.64 / contact@eqwater.fr;FOURNITURES
SOLUTIONS +;SOLUTIONS +;SOLUTIONS +;78000;NEAUPHLETTE;48.9024;2.4229;ILE DE FRANCE;France;"
IMP DE L 'USINE,78980 NEAUPHLETTE";48.933587845269656;1.548736648277078;232620413;FOURNITURES
WÜRTH FRANCE;WÜRTH FRANCE;WÜRTH FRANCE;77000;VAUX LE PENIL;48.6127;2.3775;ILE DE FRANCE;France;Proxishop Vaux le Pénil, 5 Rue de la Plaine de la Croix Besnard, 77000 Vaux-le-Pénil;48.5326759640989;2.696243748470106;—;FOURNITURES
WÜRTH FRANCE;WÜRTH FRANCE;WÜRTH FRANCE;91000;VIRY CHATILLON;48.9020;2.4890;ILE DE FRANCE;France;36 Avenue Charles de Gaulle, Proxishop Viry Chatillon, 91170 Viry-Châtillon;48.67382366274684;2.3893767900047638;—;FOURNITURES
WÜRTH FRANCE;WÜRTH FRANCE;WÜRTH FRANCE;92000;NANTERRE;49.0167;2.2036;ILE DE FRANCE;France;28-30 Rue des Agglomérés, Proxishop Nanterre, 92000 Nanterre;48.89601508292399;2.1837472904978323;—;FOURNITURES
WÜRTH FRANCE;WÜRTH FRANCE;WÜRTH FRANCE;92000;MALAKOFF;49.1680;2.2980;ILE DE FRANCE;France;118 Avenue Pierre Brossolette, 92240 Malakoff;48.81692634178935;2.307240423471427;—;FOURNITURES
WÜRTH FRANCE;WÜRTH FRANCE;WÜRTH FRANCE;92000;VILLENEUVE LA GARENNE;48.6127;2.3775;ILE DE FRANCE;France;9-11 Rue de la Litte, Proxi Shop Villeneuve la Garenne, 92390 Villeneuve-la-Garenne;48.92733073019692; 2.3224041648744835;—;FOURNITURES
WÜRTH FRANCE;WÜRTH FRANCE;WÜRTH FRANCE;93000;AUBERVILLIERS;48.9020;2.4890;ILE DE FRANCE;France;55 Boulevard Félix Faure, Proxishop Aubervilliers, 93300 Aubervilliers;48.90477812945776; 2.3828062521813607;—;FOURNITURES
WÜRTH FRANCE;WÜRTH FRANCE;WÜRTH FRANCE;94000;BONNEUIL SUR MARNE;48.7742;2.4792;ILE DE FRANCE;France;4 Avenue des Coquelicots, Proxi Shop Bonneuil sur Marne, 94380 Bonneuil-sur-Marne;48.77303613543913;2.4939664477151355;—;FOURNITURES
WÜRTH FRANCE;WÜRTH FRANCE;WÜRTH FRANCE;95000;PIERRELAYE;49.0232238;2.1557343;ILE DE FRANCE;France;6 Avenue du Général Leclerc, Proxishop Pierrelaye, 95480 Pierrelaye;49.01615232369282; 2.157677482973864;—;FOURNITURES
WÜRTH FRANCE;WÜRTH FRANCE;WÜRTH FRANCE;95000;GONESSE;48.9024;2.4229;ILE DE FRANCE;France;1 Parc de la Calarde, 95500 Gonesse;48.980455366648236;2.4523323453642476;—;FOURNITURES
SODEX PROTECTION;SODEX PROTECTION;SODEX PROTECTION;93000;MONTREUIL;48.9020;2.4890;ILE DE FRANCE;France;155 rue de Rosny Cap Saint Antoine - 93100 MONTREUIL;48.86781401772337;2.456450704206707;01 49 88 09 14;PETITS ENGINS
HARDOUIN-LOC ( VAC ) ;HARDOUIN-LOC ( VAC ) ;HARDOUIN-LOC ( VAC ) ;78000;LESALLUETS LE ROI;49.0167;2.2036;ILE DE FRANCE;France;29 RUE DE CLAIRBOIS 78580 LES ALLUETS-LE-ROI;48.91000054331887;1.9135660582829037;01 30 65 57 40 / contact@vac-location.com;PETITS ENGINS
HARDOUIN-LOC ( VAC ) ;HARDOUIN-LOC ( VAC ) ;HARDOUIN-LOC ( VAC ) ;77000;BRIE COMTE ROBERT;48.6127;2.3775;ILE DE FRANCE;France;345 RUE DU TUBOEUF 77170 BRIE-COMTE-ROBERT;48.704422732560445; 2.6120129624724426;—;PETITS ENGINS
VEXIN BATIMENT;VEXIN BATIMENT;VEXIN BATIMENT;95000;VIGNY;48.9020;2.4890;ILE DE FRANCE;France;6 CHEMIN DE VERNON,95450 VIGNY;49.083946592291625;1.919652906502578;01 34 48 17 88/ bertrand.vexin-batiment@orange.fr;FOURNITURES
FCNS (BTP - SHOP);FCNS (BTP - SHOP);FCNS (BTP - SHOP);94000;FONTENAY SOUS BOIS;49.0167;2.2036;ILE DE FRANCE;France;6 RUE ROGER SALENGRO, 94120 FONTENAY-SOUS-BOIS;48.84899181138433;2.4904303385844866;—;FOURNITURES
GAIA ENV;Gaia Env;GAIA ENV;91000;SAINTPIERREDUPERRAY;49.1680;2.2980;ILE DE FRANCE;France;21 RUE DE LA MARE A TISSIER - 91280 ST PIERRE DU PERRAY;48.62819762975237;2.5135272329195915;06 25 47 09 79/ contact@gaia-env.fr ;PETITS ENGINS
BARROS DA SILVA PAUL;BARROS DA SILVA PAUL;BARROS DA SILVA PAUL;78000;RICHEBOURG;48.9020;2.4890;ILE DE FRANCE;France;6 RUE DE GRESSEY, 78550 RICHEBOURG;48.83873513662475;1.6568755361831247;—;FOURNITURES
STANOP;STANOP;STANOP;78000;CONFLANSSTEHONORINE;48.5560;2.2100;ILE DE FRANCE;France;QUAI CONFLUENT,78700 CONFLANS STE HONORINE;48.99568864060028; 2.073161734786054;01 39 72 80 90;FOURNITURES
YAM;YAM;YAM;77000;DAMMARTINEN GOELE;48.9024;2.4229;ILE DE FRANCE;France;"YAM
Rue Clément Ader
77230 DAMMARTIN-EN-GOËLE";49.07385925080433; 2.74006546745747;—;FOURNITURES
PENET;PENET;PENET;78000;LESMUREAUX;48.9020;2.4890;ILE DE FRANCE;France;2 Rue Denis Papin, 78130 Les Mureaux, France;48.97894338954184;1.8893047593567882;lesmureaux@penettp.fr / 01.78.90.28.28;FOURNITURES
LAFARGE BETONS;LAFARGE BETONS;LAFARGE BETONS;92000;MOULINEAUX;48.7994;2.0233;ILE DE FRANCE;France;14-16, 14 BOULEVARD GARIBALDI, 92130 ISSY-LES-MOULINEAUX;48.8227601019042; 2.2615740097166475;"csp.clients.betons@lafargeholcim.com/
advbeton.idf@lafarge.com";BETON
LAFARGE BETONS;LAFARGE BETONS;LAFARGE BETONS;92000;GENNEVILLIERS;48.9020;2.4890;ILE DE FRANCE;France;4 Route du Môle Central 92230 Gennevilliers;48.94561370219502;2.300472967019511;—;BETON
LAFARGE BETONS;LAFARGE BETONS;LAFARGE BETONS;75000;PARIS;49.0167;2.2036;ILE DE FRANCE;France;7 Place de la Porte de Pantin 75019 Paris;48.8930350234051;2.3964537301130804;—;BETON
LAFARGE BETONS;LAFARGE BETONS;LAFARGE BETONS;75000;PARIS;48.9024;2.4229;ILE DE FRANCE;France;Port de Bercy 75012 Paris;48.83683474087395; 2.402236780740955;—;BETON
LAFARGE BETONS;LAFARGE BETONS;LAFARGE BETONS;75000;PARIS;48.6127;2.3775;ILE DE FRANCE;France;Port de Javel 75015 Paris;48.84658605791037;2.2857249395766277;—;BETON
LAFARGE BETONS;LAFARGE BETONS;LAFARGE BETONS;78000;FLINS SUR SEINE;48.9020;2.4890;ILE DE FRANCE;France;Route de Renault 78410 Flins-sur-Seine;48.97561301947104;1.8708190989361408;—;BETON
LAFARGE BETONS;LAFARGE BETONS;LAFARGE BETONS;91000;BRETIGNY SUR ORGE;49.0167;2.2036;ILE DE FRANCE;France;31 Rue des Cochets 91220 Brétigny-sur-Orge;48.58128646613449;2.2922674920149357;—;BETON
LAFARGE BETONS;LAFARGE BETONS;LAFARGE BETONS;91000;LISSES;49.1680;2.2980;ILE DE FRANCE;France;Centrale d’Évry 91090 Lisses;48.60996851780884;2.4391883595953034;—;BETON
LAFARGE BETONS;LAFARGE BETONS;LAFARGE BETONS;77000;SAINT PIERRE LES NEMOURS;48.6127;2.3775;ILE DE FRANCE;France;75 Rue des Prés, 77140 Saint-Pierre-lès-Nemours, France;48.277438655337306;2.6890308302186394;—;BETON
LAFARGE BETONS;LAFARGE BETONS;LAFARGE BETONS;77000;DAMMARIE LES LYS;48.9020;2.4890;ILE DE FRANCE;France;951 Quai Voltaire, 77190 Dammarie-les-Lys, France;48.52618099862162;2.6375021459912382;—;BETON
LAFARGE BETONS;LAFARGE BETONS;LAFARGE BETONS;95000;HERBLAY SUR SEINE;48.5560;2.2100;ILE DE FRANCE;France;5 Rue René Cassin 95220 Herblay-sur-Seine;48.99739081930062;2.1841071267128593;—;BETON
LAFARGE BETONS;LAFARGE BETONS;LAFARGE BETONS;95000;MOISSELLES;48.5560;2.2100;ILE DE FRANCE;France;3 Chemin de Moisselles 95570 Moisselles;49.08615380275417;2.5159340594654687;—;BETON
LAFARGE BETONS;LAFARGE BETONS;LAFARGE BETONS;94000;VITRY SUR SEINE;48.9020;2.4890;ILE DE FRANCE;France;2 Avenue Salvador Allende 94400 Vitry-sur-Seine;48.79645815714121; 2.4145988782064096; 01 34 77 78 50;BETON
UNIBETON;HEIDELBERG MATERIALS FRANCE BETONS (UNIBETON);HEIDELBERG MATERIALS FRANCE BETONS (UNIBETON);75000;PARIS;48.9020;2.4890;ILE DE FRANCE;France;"45 RUE BRUNESEAU
75013 PARIS";48.8261537399138;2.413330842932672;—;BETON
UNIBETON;HEIDELBERG MATERIALS FRANCE BETONS (UNIBETON);HEIDELBERG MATERIALS FRANCE BETONS (UNIBETON);92000;GENNEVILLIERS;49.0167;2.2036;ILE DE FRANCE;France;"PORT DE GENNEVILLIERS -
RUE DE SEINE
92230 GENNEVILLIERS";48.969653314619286;2.27921508656433;—;BETON
UNIBETON;HEIDELBERG MATERIALS FRANCE BETONS (UNIBETON);HEIDELBERG MATERIALS FRANCE BETONS (UNIBETON);78000;GUERVILLE;48.9024;2.4229;ILE DE FRANCE;France;"LIEUDIT D113
RTE DE SAINT GERMAIN
78930 GUERVILLE";48.97070916488585;1.7372462651243747;—;BETON
UNIBETON;HEIDELBERG MATERIALS FRANCE BETONS (UNIBETON);HEIDELBERG MATERIALS FRANCE BETONS (UNIBETON);78000;ACHERES;49.0167;2.2036;ILE DE FRANCE;France;"3 LA MARE AUX CANNES
78260 ACHERES";49.00299748000262;2.1498780018528487;—;BETON
EURO.MAT;EURO.MAT;EURO.MAT;78000;BAZAINVILLE;48.797663;1.6674035;ILE DE FRANCE;France;11 Chem. de la Fossé, 78550 Bazainville, France;48.79963016943493;1.669299475361851;—;PETITS ENGINS
UNIBETON;HEIDELBERG MATERIALS FRANCE BETONS (UNIBETON);HEIDELBERG MATERIALS FRANCE BETONS (UNIBETON);78000;TRAPPES;48.7760957;1.9988356;ILE DE FRANCE;France;46 Avenue Roger Hennequin 78190 Trappes;48.76391397630701;1.9852639773890548;—;BETON
UNIBETON;HEIDELBERG MATERIALS FRANCE BETONS (UNIBETON);HEIDELBERG MATERIALS FRANCE BETONS (UNIBETON);78000;BUC;48.9020;2.4890;ILE DE FRANCE;France;Rue Audemars 78530 Buc;48.76418914432237;2.119393352116015;—;BETON
UNIBETON;HEIDELBERG MATERIALS FRANCE BETONS (UNIBETON);HEIDELBERG MATERIALS FRANCE BETONS (UNIBETON);91000;ARPAJON;48.5560;2.2100;ILE DE FRANCE;France;Rue du Pont d’Avignon 91290 Arpajon;48.600994687162014;2.2449519823115334;—;BETON
UNIBETON;HEIDELBERG MATERIALS FRANCE BETONS (UNIBETON);HEIDELBERG MATERIALS FRANCE BETONS (UNIBETON);91000;CORBEILESSONNES;48.5560;2.2100;ILE DE FRANCE;France;78 Quai de l’Apport Paris 91100 Corbeil-Essonnes;48.61700475904293;2.4782484349029548;—;BETON
UNIBETON;HEIDELBERG MATERIALS FRANCE BETONS (UNIBETON);HEIDELBERG MATERIALS FRANCE BETONS (UNIBETON);92000;ISSY LES MOULINEAUX;48.82444;2.27167;ILE DE FRANCE;France;103 Quai du Président Roosevelt 92130 Issy-les-Moulineaux;48.867967701637504;2.2514999969832985;—;BETON
UNIBETON;HEIDELBERG MATERIALS FRANCE BETONS (UNIBETON);HEIDELBERG MATERIALS FRANCE BETONS (UNIBETON);77000;MITRY MORY;48.9020;2.4890;ILE DE FRANCE;France;2-4 Rue Léon Foucault, 77290 Mitry-Mory, France;48.98612004852932;2.6333287449575216;—;BETON
UNIBETON;HEIDELBERG MATERIALS FRANCE BETONS (UNIBETON);HEIDELBERG MATERIALS FRANCE BETONS (UNIBETON);95000;PERSAN;49.15208812077381;2.2688736983536977;ILE DE FRANCE;France;10 Rte de Clermont, 95340 Persan, France;49.15379592944751;2.2931029232359217;—;BETON
UNIBETON;HEIDELBERG MATERIALS FRANCE BETONS (UNIBETON);HEIDELBERG MATERIALS FRANCE BETONS (UNIBETON);95000;SAINT OUEN L'AUMONE;48.9020;2.4890;ILE DE FRANCE;France;57 Rue d'Epluches, 95540 Saint-Ouen-l'Aumône, France;49.06328103223771;2.129228926964931;—;BETON
UNIBETON;HEIDELBERG MATERIALS FRANCE BETONS (UNIBETON);HEIDELBERG MATERIALS FRANCE BETONS (UNIBETON);93000;AUBERVILLIERS;49.0167;2.2036;ILE DE FRANCE;France;1 Rue de la Gare 93300 Aubervilliers;48.90613283552514;2.377577640035328;—;BETON
UNIBETON;HEIDELBERG MATERIALS FRANCE BETONS (UNIBETON);HEIDELBERG MATERIALS FRANCE BETONS (UNIBETON);77000;LAROCHETTE;48.9024;2.4229;ILE DE FRANCE;France;Chemin de Halage 77000 La Rochette;48.50626876163495;2.6693249373260337;—;BETON
UNIBETON;HEIDELBERG MATERIALS FRANCE BETONS (UNIBETON);HEIDELBERG MATERIALS FRANCE BETONS (UNIBETON);92000;CLICHY;48.6127;2.3775;ILE DE FRANCE;France;30 Quai de Clichy Face au, 92110 Clichy, France;48.90540384295864;2.29400194424447;—;BETON
EQIOM BETONS;EQIOM BETONS;EQIOM GENNEVILLIERS;92000;GENNEVILLIERS;49.0167;2.2036;ILE DE FRANCE;France;15 Route du Bassin N°6, 92230 Gennevilliers;48.94716001219723;2.296096491366278;—;FOURNITURES
EQIOM BETONS;EQIOM BETONS;EQIOM MARCOUSSIS;91000;MARCOUSSIS;49.1680;2.2980;ILE DE FRANCE;France;Rue du Fond des Prés, 91460 Marcoussis, France;48.63954306915434;2.2092093867623706;—;FOURNITURES
EQIOM BETONS;EQIOM BETONS;EQIOM ISLES-LÈS-VILLENOY;77000;ISLES LES VILLENOY;48.9020;2.4890;ILE DE FRANCE;France;Anesse, Chem. de l'Orme, 77450 Isles-lès-Villenoy, France;48.9167953901886;2.8334218256594186;—;FOURNITURES
EQIOM BETONS;EQIOM BETONS;EQIOM LAGNY-SUR-MARNE;77000;LAGNY SUR MARNE;48.5560;2.2100;ILE DE FRANCE;France;4/6 Rue Archimède, 77400 Lagny-sur-Marne, France;48.878330344859584;2.6839949341548226;—;FOURNITURES
SOFRAT;SOCIETE FRANCILIENNE DE TRANSPORTS (SOFRAT);SOCIETE FRANCILIENNE DE TRANSPORTS (SOFRAT);77000;OZOIR LA FERRIERE;48.9024;2.4229;ILE DE FRANCE;France;"9 RUE ROBERT SCHUMAN
77330 OZOIR-LA-FERRIERE";48.76595517141101;2.6875891889723644;—;GRANDS ENGINS
SOFRAT;SOCIETE FRANCILIENNE DE TRANSPORTS (SOFRAT);SOCIETE FRANCILIENNE DE TRANSPORTS (SOFRAT);94000;IVRY SUR SEINE;48.7994;2.0233;ILE DE FRANCE;France;"51 QUAI AUGUSTE DESHAIES
94200 IVRY-SUR-SEINE";48.818245478091434;2.402355656441292;—;GRANDS ENGINS
SOFRAT;SOCIETE FRANCILIENNE DE TRANSPORTS (SOFRAT);SOCIETE FRANCILIENNE DE TRANSPORTS (SOFRAT);77000;PONTAULT COMBAULT;48.9020;2.4890;ILE DE FRANCE;France;"2 RUE JEAN COCTEAU
77340 PONTAULT-COMBAULT";48.786353949138565;2.637541684299173;—;GRANDS ENGINS
ESSID ;ESSID TRANSPORTS, BATIMENT ET TRAVAUX;ESSID TRANSPORTS, BATIMENT ET TRAVAUX;77000;LEPIN;49.0167;2.2036;ILE DE FRANCE;France;2 ROUTE DE CLAYE, 77181 LE PIN;48.914085493888315;2.6297083332071907;—;FOURNITURES
AKZO NOBEL DISTRIBUTION;AKZO NOBEL DISTRIBUTION;AKZO NOBEL DISTRIBUTION;77000;VILLEPARISIS;48.9024;2.4229;ILE DE FRANCE;France;"ZI SUD CD 105
ROUTE DE VILLEVAUDE
77270 VILLEPARISIS";48.94207943120269;2.639591355196786;—;FOURNITURES
AKZO NOBEL DISTRIBUTION;AKZO NOBEL DISTRIBUTION;AKZO NOBEL DISTRIBUTION;75000;PARIS;48.6127;2.3775;ILE DE FRANCE;France;"3 BOULEVARD JULES FERRY
75011 PARIS";48.86705415478752;2.368640696768549;—;FOURNITURES
AKZO NOBEL DISTRIBUTION;AKZO NOBEL DISTRIBUTION;AKZO NOBEL DISTRIBUTION;75000;PARIS;48.83354112617794;2.3238766193389897;ILE DE FRANCE;France;"173 RUE DU CHATEAU
75014 PARIS";48.839910913798946;2.399594186579958;—;FOURNITURES
AKZO NOBEL DISTRIBUTION;AKZO NOBEL DISTRIBUTION;AKZO NOBEL DISTRIBUTION;78000;SARTROUVILLE;48.94993;2.18087;ILE DE FRANCE;France;"
87 ROUTE DE CORMEILLES
78500 SARTROUVILLE";48.95131408698065;2.1883830922924496;—;FOURNITURES
AKZO NOBEL DISTRIBUTION;AKZO NOBEL DISTRIBUTION;AKZO NOBEL DISTRIBUTION;78000;VERNOUILLET;48.9724604;1.9830623;ILE DE FRANCE;France;"29 RUE DE LA GROSSE PIERRE
78540 VERNOUILLET";48.97451880329286;1.9967125789607454;—;FOURNITURES
AKZO NOBEL DISTRIBUTION;AKZO NOBEL DISTRIBUTION;AKZO NOBEL DISTRIBUTION;94000;SAINT MAUR DES FOSSES;48.9020;2.4890;ILE DE FRANCE;France;75 Bd de Créteil, 94100 Saint-Maur-des-Fossés, France;48.79826373189876;2.4832501449223523;—;FOURNITURES
AKZO NOBEL DISTRIBUTION;AKZO NOBEL DISTRIBUTION;AKZO NOBEL DISTRIBUTION;78000;SAINT CYR L'ECOLE;48.5560;2.2100;ILE DE FRANCE;France;"75 RUE DU DOCTEUR VAILLANT
78210 SAINT-CYR-L'ECOLE";48.81436094969318;2.0767869003691746;—;FOURNITURES
ATM LEVAGE;ATM LEVAGE;ATM LEVAGE;94000;VALENTON;48.5560;2.2100;ILE DE FRANCE;France;"1 RUE LE BOIS CERDON
94460 VALENTON";48.727908750916875;2.473615302759842;01 77 35 88 68 / atmlevage@groupeatm.fr;GRANDS ENGINS
CC LOC;CC LOC;CC LOC;78000;BUC;48.9024;2.4229;ILE DE FRANCE;France;240 RUE HELENE BOUCHER, 78530 BUC;48.76605804212363;2.120764933333365;—;PETITS ENGINS
DEOL-BOIS TLB;DEOL-BOIS TLB;DEOL-BOIS TLB;95000;DOMONT;48.9020;2.4890;ILE DE FRANCE;France;65 AVENUE DE L'EUROPE, 95330 DOMONT;49.03079303511381;2.342283226807249;—;FOURNITURES
ASPIRTEC;ASPIRTEC;ASPIRTEC;91000;BONDOUFLE;48.7994;2.0233;ILE DE FRANCE;France;"15 RUE GUSTAVE EIFFEL
91070 BONDOUFLE";48.62158264462371;2.383822069139224;—;GRANDS ENGINS
DIAMTEC;DIAMTEC;DIAMTEC;77000;CROISSY BEAUBOURG;48.9020;2.4890;ILE DE FRANCE;France;"4 RUE HENRY DELBAST
77183 CROISSY-BEAUBOURG";48.826381338238306;2.672588805552481;—;FOURNITURES
SIFRAL ;SIFRAL SOCIETE ILE DE FRANCE LOCATION;SIFRAL SOCIETE ILE DE FRANCE LOCATION;77000;PONTAULT COMBAULT;49.0167;2.2036;ILE DE FRANCE;France;"6 RUE JEAN COCTEAU
77340 PONTAULT-COMBAULT";48.775358400665375;2.6165301267491765;—;RECYCLAGE DES MATÉRIAUX
SIFRAL ;SIFRAL SOCIETE ILE DE FRANCE LOCATION;SIFRAL SOCIETE ILE DE FRANCE LOCATION;77000;ANNET SUR MARNE;48.9024;2.4229;ILE DE FRANCE;France;"ROUGE
CD 404 LIEUDIT LA FONTAINE
77410 ANNET-SUR-MARNE";48.91472787394597;2.691762172903412;—;RECYCLAGE DES MATÉRIAUX
TTD TP;TTD TP;TTD TP;75000;PARIS;48.9020;2.4890;ILE DE FRANCE;France;"45 BOULEVARD GOUVION-SAINT-CYR
75017 PARIS";48.882785280582354;2.2863961508353916;—;GRANDS ENGINS
TRANSPORTS CLAUDE;TRANSPORTS CLAUDE;TRANSPORTS CLAUDE;93000;BONDY;49.1680;2.2980;ILE DE FRANCE;France;"130-138
130 CHEMIN DE GROSLAY
93140 BONDY";48.91429231382435; 2.4761468561639144;—;GRANDS ENGINS
PSPM;PSPM;PSPM;93000;LE BLANC MESNIL;48.6127;2.3775;ILE DE FRANCE;France;86 AVENUE DESCARTES, 93150 LE BLANC-MESNIL;48.95002477270052;2.4521375465380437;—;PETITS ENGINS
MAXIME RICHARD ET FILS;MAXIME RICHARD ET FILS;MAXIME RICHARD ET FILS;75000;PARIS;48.9020;2.4890;ILE DE FRANCE;France;"46 RUE LACROIX
75017 PARIS";48.891328218840606;2.3237773313455055;—;PETITS ENGINS
MAXIME RICHARD ET FILS;MAXIME RICHARD ET FILS;MAXIME RICHARD ET FILS;78000;ORGEVAL;48.5560;2.2100;ILE DE FRANCE;France;"315 ROUTE DE VERNOUILLET
78630 ORGEVAL";48.93436223268231;1.9758464594764695;—;PETITS ENGINS
EKO BAT;EKO BAT;EKO BAT;93000;NOISY LE SEC;48.5560;2.2100;ILE DE FRANCE;France;"184 RUE DE PARIS
93130 NOISY-LE-SEC";48.903437881773684;2.4691755012174514;—;FOURNITURES
SECM;SECM SOCIETE D'EXPLOITATION DE CARRIERES ET MATERIAUX (S.E.C.M);SECM SOCIETE D'EXPLOITATION DE CARRIERES ET MATERIAUX (S.E.C.M);91000;BOISSY SOUS SAINT YON;48.9024;2.4229;ILE DE FRANCE;France;"CHEMIN DE LA SABLIERE JAUNE
91790 BOISSY-SOUS-SAINT-YON";48.54426498967147;2.2148568889056386;—;FOURNITURES
VIABILITE T.P.E;VIABILITE T.P.E;VIABILITE T.P.E;95000;PERSAN;48.7994;2.0233;ILE DE FRANCE;France;23 CHEMIN NOIR, 95340 PERSAN;49.15392729829774;2.288903421724819;—;GRANDS ENGINS
ECT;ENVIRO CONSEIL ET TRAVAUX  (ECT);ENVIRO CONSEIL ET TRAVAUX  (ECT);77000;VILLENEUVE SOUS DAMMARTIN;49.0167;2.2036;ILE DE FRANCE;France;D 401 20 RTE DU MESNIL AMELOT 77230 VILLENEUVE-SOUS-DAMMARTIN;49.02903488623943;2.6414113410225775;—;FOURNITURES
ECT;ENVIRO CONSEIL ET TRAVAUX  (ECT);ENVIRO CONSEIL ET TRAVAUX  (ECT);95000;CORMEILLES  EN PARISIS;48.9024;2.4229;ILE DE FRANCE;France;105 ROUTE D'ARGENTEUIL 95240 CORMEILLES-EN-PARISIS;48.96361038217569;2.2150932856959598;—;FOURNITURES
ECT;ENVIRO CONSEIL ET TRAVAUX  (ECT);ENVIRO CONSEIL ET TRAVAUX  (ECT);77000;VILLENEUVE SOUS DAMMARTIN;48.6127;2.3775;ILE DE FRANCE;France;20 RUE DE PARIS 77230 VILLENEUVE-SOUS-DAMMARTIN;49.03473406532579;2.6415819039177753;—;FOURNITURES
ECT;ENVIRO CONSEIL ET TRAVAUX  (ECT);ENVIRO CONSEIL ET TRAVAUX  (ECT);77000;ANNET SUR MARNE;48.9020;2.4890;ILE DE FRANCE;France;LES GABOTS 77410 ANNET-SUR-MARNE;48.93223941766182;2.7240913725229894;—;FOURNITURES
ECT;ENVIRO CONSEIL ET TRAVAUX  (ECT);ENVIRO CONSEIL ET TRAVAUX  (ECT);95000;BAILLET  EN FRANCE;49.0167;2.2036;ILE DE FRANCE;France;CARRIERES DE TAVERNY RPT DU PAYEL 95560 BAILLET-EN-FRANCE;49.055298394309936;2.2887853289245403;—;FOURNITURES
ECT;ENVIRO CONSEIL ET TRAVAUX  (ECT);ENVIRO CONSEIL ET TRAVAUX  (ECT);77000;MOISSY CRAMAYEL;49.1680;2.2980;ILE DE FRANCE;France;CHANTELOUP 77550 MOISSY-CRAMAYEL;48.63686463137167;2.5777110363442675;—;FOURNITURES
ECT;ENVIRO CONSEIL ET TRAVAUX  (ECT);ENVIRO CONSEIL ET TRAVAUX  (ECT);93000;VAUJOURS;48.6127;2.3775;ILE DE FRANCE;France;CD 84 ROUTE DE COURTRY 93410 VAUJOURS;48.9336617308702;2.6032773712645336;—;FOURNITURES
DTSM TP;DTSM TP;DTSM TP;77000;REBAIS;48.9020;2.4890;ILE DE FRANCE;France;416 RUE DE LA PAIX, 77510 REBAIS;48.85307827792137;3.2374769678767685;—;GRANDS ENGINS
MRB;MRB MATERIAUX ROUTIERS DE BONNEUIL;MRB MATERIAUX ROUTIERS DE BONNEUIL;94000;BONNEUIL SUR MARNE;48.7742;2.4792;ILE DE FRANCE;France;"PORT DE BONNEUIL
27 ROUTE DE L’ILE SAINT JULIEN
94380 BONNEUIL-SUR-MARNE";48.780137569340894;2.4884549171666044;—;FOURNITURES
TRENOIS SETIN;TRENOIS SETIN;TRENOIS SETIN;94000;CHAMPIGNY SUR MARNE;48.5560;2.2100;ILE DE FRANCE;France;"7 RUE BENOIT FRACHON
94500 CHAMPIGNY-SUR-MARNE";48.82453825783662;2.5354376552977347;—;FOURNITURES
TRENOIS SETIN;TRENOIS SETIN;TRENOIS SETIN;93000;SAINT DENIS;48.9024;2.4229;ILE DE FRANCE;France;"1-3-BATIMENT A LOT A4
1 ROUTE DE LA REVOLTE
93210 SAINT-DENIS";48.92598542020177;2.361821446393564;—;FOURNITURES
TRENOIS SETIN;TRENOIS SETIN;TRENOIS SETIN;93000;ROSNY SOUS BOIS;48.9020;2.4890;ILE DE FRANCE;France;"11 RUE J ET ETIENNE DE MONTGOLFIER
93110 ROSNY-SOUS-BOIS";48.89185065830826;2.504538610001746;—;FOURNITURES
TRENOIS SETIN;TRENOIS SETIN;TRENOIS SETIN;92000;NANTERRE;48.7994;2.0233;ILE DE FRANCE;France;"14-24
14 RUE DES AGGLOMERES
92000 NANTERRE";48.90053042977779; 2.1944076691578247;—;FOURNITURES
TRENOIS SETIN;TRENOIS SETIN;TRENOIS SETIN;94000;VITRY SUR SEINE;48.9020;2.4890;ILE DE FRANCE;France;"97-99
97 QUAI JULES GUESDE
94400 VITRY-SUR-SEINE";48.804562883464726;2.422407991883344;—;FOURNITURES
SAT;"SAT Société Auxiliaire de
Terrassement";"SAT SOCIÉTÉ AUXILIAIRE DE
TERRASSEMENT";94000;SAINT MAUR DES FOSSES;49.0167;2.2036;ILE DE FRANCE;France;6 VILLA SIMONE, 94100 SAINT-MAUR-DES-FOSSES;48.79138717447885;2.4843604160148116;06.84.51.12.66 / sat94100@gmail.com;GRANDS ENGINS
DR LOC BTP;DR LOC BTP;DR LOC BTP;77000;PONTAULT COMBAULT;48.6127;2.3775;ILE DE FRANCE;France;Rue de Bruxelles, 77340 Pontault-Combault, France;48.793866367818765;2.6345384562228036;—;PETITS ENGINS
R-COV;R-COV;R-COV;95000;GENICOURT;48.9020;2.4890;ILE DE FRANCE;France;39 RUE DES FOSSETTES, 95650 GENICOURT;49.084229520809934;2.07113987922696;—;GRANDS ENGINS
BATI F.M;BATI F.M;BATI F.M;95000;GOUSSAINVILLE;49.1680;2.2980;ILE DE FRANCE;France;4 RUE LOUISE MICHEL, 95190 GOUSSAINVILLE;49.0290963134076;2.469908711748753; 06 46 80 51 78;GRANDS ENGINS
UMHS;"UNION METALLURGIQUE DE LA HAUTE SEINE
(UMHS)";"UNION METALLURGIQUE DE LA HAUTE SEINE
(UMHS)";77000;CESSON;48.6127;2.3775;ILE DE FRANCE;France;195 RUE DE L'INDUSTRIE, 77240 CESSON;48.5960847107518;2.602742809569234;—;FOURNITURES
UMHS;"UNION METALLURGIQUE DE LA HAUTE SEINE
(UMHS)";"UNION METALLURGIQUE DE LA HAUTE SEINE
(UMHS)";77000;BRIE COMTE ROBERT;48.9020;2.4890;ILE DE FRANCE;France;"20 ROUTE DE FEROLLES
77170 BRIE-COMTE-ROBERT";48.70235866292696;2.6151142194291896;—;FOURNITURES
UMHS;"UNION METALLURGIQUE DE LA HAUTE SEINE
(UMHS)";"UNION METALLURGIQUE DE LA HAUTE SEINE
(UMHS)";77000;PROVINS;48.5560;2.2100;ILE DE FRANCE;France;"9 AVENUE DE LA VOULZIE
77160 PROVINS";48.54982563833901;3.2953230808252356;—;FOURNITURES
UMHS;"UNION METALLURGIQUE DE LA HAUTE SEINE
(UMHS)";"UNION METALLURGIQUE DE LA HAUTE SEINE
(UMHS)";91000;CORBEILESSONNES;48.5560;2.2100;ILE DE FRANCE;France;"13 RUE GUSTAVE EIFFEL
91100 CORBEIL-ESSONNES";48.62004216175357;2.4761617072850437;—;FOURNITURES
S T R;S T R;S T R;95000;ARGENTEUIL;48.9024;2.4229;ILE DE FRANCE;France;4 B RUE DE LA POSTE, 95100 ARGENTEUIL;48.945154575358636;2.2484380367564656;"06 64 46 10 67
/ contactstr95@gmail com";PETITS ENGINS
S T R;S T R;S T R;92000;GENNEVILLIERS;48.9020;2.4890;ILE DE FRANCE;France;"18 BOULEVARD GALLIENI
92230 GENNEVILLIERS";48.924122279826044;2.324105353502354;"06 64 46 10 67
/ contactstr95@gmail com";PETITS ENGINS
T2C;T2C;T2C;91000;BOISSY SOUS SAINT YON;48.7994;2.0233;ILE DE FRANCE;France;10 RUE BOILEAU, 91790 BOISSY-SOUS-SAINT-YON;48.554154507064965;2.210620902234175;"
transports2c@gmail.com";GRANDS ENGINS
FRAIZATEC;FRAIZATEC;FRAIZATEC;77000;GRISY SUISNES;48.9020;2.4890;ILE DE FRANCE;France;9 RUE DE LA MARE A BOUTILLIER, 77166 GRISY-SUISNES;48.660735751024276;2.674515238590824;672742894;PETITS ENGINS
TRANSPORTS ARIF;TRANSPORTS ARIF;TRANSPORTS ARIF;93000;BOBIGNY;49.0167;2.2036;ILE DE FRANCE;France;"7 PLACE DU 11 NOVEMBRE 1918
93000 BOBIGNY";48.909032116482095;2.4422732168032515;"07 61 80 40 82
/ transports.tp.arif@gmail.com";GRANDS ENGINS
LOC&CO;LOC&CO;LOC&CO;77000;GRETZ ARMAINVILLIERS;48.9024;2.4229;ILE DE FRANCE;France;16 IMPASSE DENIS PAPIN, 77220 GRETZ-ARMAINVILLIERS;48.72914445410069;2.7307294951089616;"01.47.06.02.82
/contact@locanco.com";PETITS ENGINS
LE HOLLOCO;LE HOLLOCO;LE HOLLOCO;95000;HERBLAY SUR SEINE;48.6127;2.3775;ILE DE FRANCE;France;403 ROUTE DE CONFLANS, 95220 HERBLAY-SUR-SEINE;49.004852642503955;2.1304031596851547;—;FOURNITURES
LE HOLLOCO;LE HOLLOCO;LE HOLLOCO;93000;LACOURNEUVE;48.9020;2.4890;ILE DE FRANCE;France;"97 AVENUE JEAN MERMOZ
93120 LA COURNEUVE";48.933193927416866;2.4092476828966927;—;FOURNITURES
LE HOLLOCO;LE HOLLOCO;LE HOLLOCO;95000;EZANVILLE;49.0167;2.2036;ILE DE FRANCE;France;"12 AVENUE JEAN ROSTAND
95460 EZANVILLE";49.0384853096148;2.3439991893313277;—;FOURNITURES
LE HOLLOCO;LE HOLLOCO;LE HOLLOCO;95000;L'ISLE ADAM;49.1680;2.2980;ILE DE FRANCE;France;"ZONE ARTISANALE DU PONT AUX RAYONS
3 BOULEVARD NAPOLEON 1ER
95290 L'ISLE-ADAM";49.12728908930362;2.2454013825409005;—;FOURNITURES
MULTI.COM AFFICHAGE;MULTI.COM AFFICHAGE;MULTI.COM AFFICHAGE;95000;CORMEILLESEN VEXIN;48.6127;2.3775;ILE DE FRANCE;France;6 ALLEE DES TERRES ROUGES, 95830 CORMEILLES-EN-VEXIN;49.10990503566404;2.022711220726812;—;FOURNITURES
VERT COMPOST;"SARL VERT COMPOST
(VERT COMPOST)";"SARL VERT COMPOST
(VERT COMPOST)";95000;EPIAIS RHUS;48.9020;2.4890;ILE DE FRANCE;France;4 RUE ST DIDIER, 95810 EPIAIS-RHUS;49.122086897505106;2.0627482519632503;01 69 09 96 16;PETITS ENGINS
CEL;COMPAGNIE EUROPÉENNE DE LOCATION (CEL);COMPAGNIE EUROPÉENNE DE LOCATION (CEL);91000;MORANGIS;48.5560;2.2100;ILE DE FRANCE;France;5 AVENUE GAY LUSSAC, 91420 MORANGIS;48.704249379374;2.342297500396181;—;PETITS ENGINS
CAP TP 18;CAP TP 18;CAP TP 18;91000;CHILLY MAZARIN;48.5560;2.2100;ILE DE FRANCE;France;32 CHEMIN DES BOEUFS, 91380 CHILLY-MAZARIN;48.710737112138794;2.302997299084888;07 08 97 19 92/ captp18@gmail.com;GRANDS ENGINS
SAGE T.P;SAGE T.P;SAGE T.P;95000;MONTSOULT;48.9024;2.4229;ILE DE FRANCE;France;Zone Industrielle Des 70 Arpents, RUE DE BELLOY ZI DES 70 ARPENTS, 95560 MONTSOULT;49.073718857254;2.330804805305;01 34 08 30 64/ m.iffour@sagetp.fr;PETITS ENGINS
MICA INTERNATIONAL;MICA INTERNATIONAL;MICA INTERNATIONAL;91000;CHAMPLAN;49.0167;2.2036;ILE DE FRANCE;France;46 ROUTE DE VILLEBON, 91160 CHAMPLAN;48.709046476043106;2.2627604018302505;—;FOURNITURES
LA PLATEFORME DU BATIMENT;LA PLATEFORME DU BATIMENT;LA PLATEFORME DU BATIMENT;75000;PARIS;48.6127;2.3775;ILE DE FRANCE;France;IMMEUBLE LE MAGELAN 7 RUE BENJAMIN CONSTANT 75019 PARIS;48.91180461828341;2.412234393649219;—;FOURNITURES
LA PLATEFORME DU BATIMENT;LA PLATEFORME DU BATIMENT;LA PLATEFORME DU BATIMENT;75000;PARIS;48.6127;2.3775;ILE DE FRANCE;France;79 RUE BAYEN 75017 PARIS;48.884017916026615;2.289417221491061;—;FOURNITURES
LA PLATEFORME DU BATIMENT;LA PLATEFORME DU BATIMENT;LA PLATEFORME DU BATIMENT;94000;IVRY SUR SEINE;49.0167;2.2036;ILE DE FRANCE;France;31-33 QUAI MARCEL BOYER 94200 IVRY-SUR-SEINE;48.821872876006346;2.394678239364346;—;FOURNITURES
LA PLATEFORME DU BATIMENT;LA PLATEFORME DU BATIMENT;LA PLATEFORME DU BATIMENT;93000;SAINT DENIS;49.1680;2.2980;ILE DE FRANCE;France;72 RUE AMBROISE CROIZAT 93200 SAINT-DENIS;48.931676631473124;2.3493010780329886;—;FOURNITURES
LA PLATEFORME DU BATIMENT;LA PLATEFORME DU BATIMENT;LA PLATEFORME DU BATIMENT;75000;PARIS;48.6127;2.3775;ILE DE FRANCE;France;48 BOULEVARD DE LA BASTILLE 75012 PARIS;48.853599574224795;2.3680321272622376;—;FOURNITURES
LA PLATEFORME DU BATIMENT;LA PLATEFORME DU BATIMENT;LA PLATEFORME DU BATIMENT;94000;MAISONS ALFORT;48.5560;2.2100;ILE DE FRANCE;France;88 AVENUE DE LA REPUBLIQUE 94700 MAISONS-ALFORT;48.80476346988927; 2.4388267265868415;—;FOURNITURES
LA PLATEFORME DU BATIMENT;LA PLATEFORME DU BATIMENT;LA PLATEFORME DU BATIMENT;75000;PARIS;48.6127;2.3775;ILE DE FRANCE;France;11-13 BOULEVARD JULES FERRY 75011 PARIS;48.867513170112;2.369828032971322;—;FOURNITURES
LA PLATEFORME DU BATIMENT;LA PLATEFORME DU BATIMENT;LA PLATEFORME DU BATIMENT;92000;MONTROUGE;48.9024;2.4229;ILE DE FRANCE;France;104 AVENUE ARISTIDE BRIAND 92120 MONTROUGE;48.81433608690078;2.325519242368468;—;FOURNITURES
LA PLATEFORME DU BATIMENT;LA PLATEFORME DU BATIMENT;LA PLATEFORME DU BATIMENT;75000;PARIS;48.6127;2.3775;ILE DE FRANCE;France;58 QUAI DE LA RAPEE 75012 PARIS;48.85281260361883;2.409343097947633;—;FOURNITURES
LA PLATEFORME DU BATIMENT;LA PLATEFORME DU BATIMENT;LA PLATEFORME DU BATIMENT;75000;PARIS;48.6127;2.3775;ILE DE FRANCE;France;14-16 RUE CHAUVELOT 75015 PARIS;48.83597617044062;2.3192802975732856;—;FOURNITURES
LA PLATEFORME DU BATIMENT;LA PLATEFORME DU BATIMENT;LA PLATEFORME DU BATIMENT;75000;PARIS;48.6127;2.3775;ILE DE FRANCE;France;11 RUE GROS 75016 PARIS;48.85495496379398;2.2870079596101758;—;FOURNITURES
LA PLATEFORME DU BATIMENT;LA PLATEFORME DU BATIMENT;LA PLATEFORME DU BATIMENT;92000;NANTERRE;48.9024;2.4229;ILE DE FRANCE;France;34 RUE LAVOISIER 92000 NANTERRE;48.898722426053105;2.178700517647821;—;FOURNITURES
LA PLATEFORME DU BATIMENT;LA PLATEFORME DU BATIMENT;LA PLATEFORME DU BATIMENT;93000;PANTIN;48.9024;2.4229;ILE DE FRANCE;France;110 B AVENUE DU GENERAL LECLERC 93500 PANTIN;48.90128695147376;2.415939870972037;—;FOURNITURES
LA PLATEFORME DU BATIMENT;LA PLATEFORME DU BATIMENT;LA PLATEFORME DU BATIMENT;75000;PARIS;48.6127;2.3775;ILE DE FRANCE;France;43 RUE DE TURBIGO 75003 PARIS;48.87402218152391;2.4012341763521983;—;FOURNITURES
LA PLATEFORME DU BATIMENT;LA PLATEFORME DU BATIMENT;LA PLATEFORME DU BATIMENT;78000;VERSAILLES;48.9020;2.4890;ILE DE FRANCE;France;2 RUE DU CHEMIN DE FER 78000 VERSAILLES;48.799031156928955;2.133055925122392;—;FOURNITURES
LA PLATEFORME DU BATIMENT;LA PLATEFORME DU BATIMENT;LA PLATEFORME DU BATIMENT;92000;NEUILLY SUR SEINE;49.0167;2.2036;ILE DE FRANCE;France;3 RUE BOUTARD 92200 NEUILLY-SUR-SEINE;48.89038698732388;2.355443360552574;—;FOURNITURES
LA PLATEFORME DU BATIMENT;LA PLATEFORME DU BATIMENT;LA PLATEFORME DU BATIMENT;78000;SAINT GERMAINEN LAYE;49.1680;2.2980;ILE DE FRANCE;France;143 T RUE DU PDT ROOSEVELT 78100 SAINT-GERMAIN-EN-LAYE;48.9096170072663;2.102824813822277;—;FOURNITURES
LA PLATEFORME DU BATIMENT;LA PLATEFORME DU BATIMENT;LA PLATEFORME DU BATIMENT;75000;PARIS;48.6127;2.3775;ILE DE FRANCE;France;110-112 AVENUE DU GENERAL MICHEL BIZOT 75012 PARIS;48.840779436780124;2.405160864277691;—;FOURNITURES
LA PLATEFORME DU BATIMENT;LA PLATEFORME DU BATIMENT;LA PLATEFORME DU BATIMENT;75000;PARIS;48.6127;2.3775;ILE DE FRANCE;France;23 BOULEVARD GOUVION-SAINT-CYR 75017 PARIS;48.907335221475435;2.3797050966439577;—;FOURNITURES
LA PLATEFORME DU BATIMENT;LA PLATEFORME DU BATIMENT;LA PLATEFORME DU BATIMENT;75000;PARIS;48.6127;2.3775;ILE DE FRANCE;France;206-210 BOULEVARD DE CHARONNE 75020 PARIS;48.85913047350903;2.393652512395119;—;FOURNITURES
LA PLATEFORME DU BATIMENT;LA PLATEFORME DU BATIMENT;LA PLATEFORME DU BATIMENT;92000;NANTERRE;48.9024;2.4229;ILE DE FRANCE;France;2 AVENUE FELIX FAURE 92000 NANTERRE;48.88615005192269;2.213807255704433;—;FOURNITURES
LA PLATEFORME DU BATIMENT;LA PLATEFORME DU BATIMENT;LA PLATEFORME DU BATIMENT;93000;PANTIN;48.9020;2.4890;ILE DE FRANCE;France;110 AVENUE DU GENERAL LECLERC 93500 PANTIN;48.901391262467406;2.4157091792606566;—;FOURNITURES
LA PLATEFORME DU BATIMENT;LA PLATEFORME DU BATIMENT;LA PLATEFORME DU BATIMENT;92000;NEUILLY SUR SEINE;48.7994;2.0233;ILE DE FRANCE;France;83 AVENUE CHARLES DE GAULLE 92200 NEUILLY-SUR-SEINE;48.880345334784096;2.2734849152829337;—;FOURNITURES
LA PLATEFORME DU BATIMENT;LA PLATEFORME DU BATIMENT;LA PLATEFORME DU BATIMENT;93000;LIVRY GARGAN;48.9020;2.4890;ILE DE FRANCE;France;55-59 AVENUE LUCIE AUBRAC 93190 LIVRY-GARGAN;48.930266777717364;2.5504744945996354;—;FOURNITURES
LA PLATEFORME DU BATIMENT;LA PLATEFORME DU BATIMENT;LA PLATEFORME DU BATIMENT;93000;AUBERVILLIERS;49.0167;2.2036;ILE DE FRANCE;France;85-87 BOULEVARD FELIX FAURE 93300 AUBERVILLIERS;48.9058751245702; 2.3797476999642333;—;FOURNITURES
LA PLATEFORME DU BATIMENT;LA PLATEFORME DU BATIMENT;LA PLATEFORME DU BATIMENT;75000;PARIS;48.6127;2.3775;ILE DE FRANCE;France;74 BOULEVARD DE GRENELLE 75015 PARIS;48.86919239602031; 2.341694176352214;—;FOURNITURES
LA PLATEFORME DU BATIMENT;LA PLATEFORME DU BATIMENT;LA PLATEFORME DU BATIMENT;75000;PARIS;48.6127;2.3775;ILE DE FRANCE;France;1-3 BOULEVARD NEY 75018 PARIS;48.898351796286654;2.3741725517230976;—;FOURNITURES
LA PLATEFORME DU BATIMENT;LA PLATEFORME DU BATIMENT;LA PLATEFORME DU BATIMENT;95000;ARGENTEUIL;49.0167;2.2036;ILE DE FRANCE;France;2-4 RUE JULES VERCRUYSSE 95100 ARGENTEUIL;48.95190944104253;2.2103113027319465;—;FOURNITURES
LA PLATEFORME DU BATIMENT;LA PLATEFORME DU BATIMENT;LA PLATEFORME DU BATIMENT;94000;ARCUEIL;49.1680;2.2980;ILE DE FRANCE;France;3 Rue du Ricardo, 94110 Arcueil, France;48.80291122082978; 2.3433568487878045;—;FOURNITURES
LA PLATEFORME DU BATIMENT;LA PLATEFORME DU BATIMENT;LA PLATEFORME DU BATIMENT;75000;PARIS;48.6127;2.3775;ILE DE FRANCE;France;6-14 RUE FERRUS 75014 PARIS;48.846559806448084;2.379065139512144;—;FOURNITURES
LA PLATEFORME DU BATIMENT;LA PLATEFORME DU BATIMENT;LA PLATEFORME DU BATIMENT;94000;BONNEUIL SUR MARNE;48.7742;2.4792;ILE DE FRANCE;France;27-29 AV MAL LECLERC ET DE SA DIVISION 94380 BONNEUIL-SUR-MARNE;48.77401669543598;2.4939304602910815;—;FOURNITURES
LA PLATEFORME DU BATIMENT;LA PLATEFORME DU BATIMENT;LA PLATEFORME DU BATIMENT;92000;VILLENEUVE LA GARENNE;48.5560;2.2100;ILE DE FRANCE;France;2-16 AVENUE DE LA LONGUE BERTRANE 92390 VILLENEUVE-LA-GARENNE;48.928023944177504;2.320499033794655;—;FOURNITURES
LA PLATEFORME DU BATIMENT;LA PLATEFORME DU BATIMENT;LA PLATEFORME DU BATIMENT;94000;ALFORTVILLE;48.5560;2.2100;ILE DE FRANCE;France;9 CHEMIN DE VILLENEUVE ST GEORGES 94140 ALFORTVILLE;48.797637560859485;2.476045285375057;—;FOURNITURES
LA PLATEFORME DU BATIMENT;LA PLATEFORME DU BATIMENT;LA PLATEFORME DU BATIMENT;94000;CHAMPIGNY SUR MARNE;48.9024;2.4229;ILE DE FRANCE;France;89-91 RUE ALEXANDRE FOURNY 94500 CHAMPIGNY-SUR-MARNE;48.81988794795002;2.523823652570563;—;FOURNITURES
LA PLATEFORME DU BATIMENT;LA PLATEFORME DU BATIMENT;LA PLATEFORME DU BATIMENT;78000;BUCHELAY;48.9020;2.4890;ILE DE FRANCE;France;3 RUE DES PIQUETTES 78200 BUCHELAY;49.00644182175874;1.7427257951465995;—;FOURNITURES
LA PLATEFORME DU BATIMENT;LA PLATEFORME DU BATIMENT;LA PLATEFORME DU BATIMENT;95000;SAINT BRICE SOUS FORET;48.7994;2.0233;ILE DE FRANCE;France;1 RUE DE LA CHAPELLE SAINT-NICOLAS 95350 SAINT-BRICE-SOUS-FORET;48.99227065275913; 2.3653104642018414;—;FOURNITURES
LA PLATEFORME DU BATIMENT;LA PLATEFORME DU BATIMENT;LA PLATEFORME DU BATIMENT;75000;PARIS;48.6127;2.3775;ILE DE FRANCE;France;220 BOULEVARD DE LA VILLETTE 75019 PARIS;48.89243952428967;2.368718772750814;—;FOURNITURES
LA PLATEFORME DU BATIMENT;LA PLATEFORME DU BATIMENT;LA PLATEFORME DU BATIMENT;92000;CLAMART;49.0167;2.2036;ILE DE FRANCE;France;ZONE ZIPEC 2 AVENUE REAUMUR 92140 CLAMART;48.779539606887624;2.239633424557934;—;FOURNITURES
LA PLATEFORME DU BATIMENT;LA PLATEFORME DU BATIMENT;LA PLATEFORME DU BATIMENT;95000;PIERRELAYE;49.0232238;2.1557343;ILE DE FRANCE;France;86 All. du Poirier Saint-Jean, 95480 Pierrelaye, France;49.021984485188085;2.1634380488382403;—;FOURNITURES
LA PLATEFORME DU BATIMENT;LA PLATEFORME DU BATIMENT;LA PLATEFORME DU BATIMENT;93000;LACOURNEUVE;48.6127;2.3775;ILE DE FRANCE;France;178 AVENUE PAUL VAILLANT COUTURIER 93120 LA COURNEUVE;48.92659416603434; 2.4227562136949916;—;FOURNITURES
LA PLATEFORME DU BATIMENT;LA PLATEFORME DU BATIMENT;LA PLATEFORME DU BATIMENT;78000;COIGNIERES;48.9020;2.4890;ILE DE FRANCE;France;3-5 ROUTE NATIONALE 10 78310 COIGNIERES;48.765898444482296;1.9819752091023175;—;FOURNITURES
LA PLATEFORME DU BATIMENT;LA PLATEFORME DU BATIMENT;LA PLATEFORME DU BATIMENT;91000;GRIGNY;49.0167;2.2036;ILE DE FRANCE;France;54 ROUTE NATIONALE 7 91350 GRIGNY;48.6710704471551;2.393221662658784;—;FOURNITURES
LA PLATEFORME DU BATIMENT;LA PLATEFORME DU BATIMENT;LA PLATEFORME DU BATIMENT;93000;VILLEMOMBLE;49.1680;2.2980;ILE DE FRANCE;France;13-19 RUE LAENNEC 93250 VILLEMOMBLE;48.88018646921444;2.4983905282474397;—;FOURNITURES
LA PLATEFORME DU BATIMENT;LA PLATEFORME DU BATIMENT;LA PLATEFORME DU BATIMENT;93000;AUBERVILLIERS;48.6127;2.3775;ILE DE FRANCE;France;85 BOULEVARD FELIX FAURE 93300 AUBERVILLIERS;48.905918182091696;2.379834005534575;—;FOURNITURES
LA PLATEFORME DU BATIMENT;LA PLATEFORME DU BATIMENT;LA PLATEFORME DU BATIMENT;92000;NANTERRE;48.9024;2.4229;ILE DE FRANCE;France;ZAC DES GUILLERAIES 6 RUE DES FONDRIERES 92000 NANTERRE;48.89303637159866;2.1821407592483095;—;FOURNITURES
EXASIGNAL;EXA SIGNAL;EXA SIGNAL;91000;LONGPONT SUR ORGE;48.5560;2.2100;ILE DE FRANCE;France;ZA BORDS DE L'ORGE LOT N°5, 24 RUE DE BRETIGNY, 91310 LONGPONT-SUR-ORGE;48.624835312786274;2.2928694212237577;exasignal@exasignal.fr/0625492462;MARQUAGE /BALISAGE 
COGETRANS;COGETRANS;COGETRANS;95000;MERY SUR OISE;48.5560;2.2100;ILE DE FRANCE;France;"93 ROUTE DE PONTOISE
95540 MERY-SUR-OISE";49.055786653516385;2.1564139168460263;—;GRANDS ENGINS
C.M.I DISTRIBUTION;C.M.I DISTRIBUTION;C.M.I DISTRIBUTION;95000;SAINT OUEN L'AUMONE;48.9020;2.4890;ILE DE FRANCE;France;10 RUE ALEXANDER GRAHAM BELL, 95310 SAINT-OUEN-L'AUMONE;49.04071846966854;2.124052374735639;06 79 50 40 93;FOURNITURES
CALVA TP LEGRAND;SARL CALVA TP LEGRAND;SARL CALVA TP LEGRAND;95000;FREMECOURT;48.7994;2.0233;ILE DE FRANCE;France;"11 RUE DES VIEILLES VIGNES
95830 FREMECOURT";49.12698882493695;1.996789335936416;—;PETITS ENGINS
CHASI;CHASI;CHASI;91000;MARCOUSSIS;48.9020;2.4890;ILE DE FRANCE;France;4 RUE HELENE BOUCHER, 91460 MARCOUSSIS;48.64167073721465;2.206064796039809;—;PETITS ENGINS
PTP PATRICIO TP;PTP PATRICIO TP;PTP PATRICIO TP;91000;CORBEILESSONNES;49.0167;2.2036;ILE DE FRANCE;France;19 IMPASSE DU PARC, 91100 CORBEIL-ESSONNES;48.603690997047;2.472182997722;—;GRANDS ENGINS
FRANCE FINISSEURS SERVICES;FRANCE FINISSEURS SERVICES;FRANCE FINISSEURS SERVICES;95000;CHAMPAGNE SUR OISE;48.9024;2.4229;ILE DE FRANCE;France;8 AVENUE ELIE BAYLAC, 95660 CHAMPAGNE-SUR-OISE;49.142234017673;2.25405100838;—;PETITS ENGINS
D K D;D K D;D K D;93000;MONTFERMEIL;48.6127;2.3775;ILE DE FRANCE;France;13-15, 13 AVENUE MARCEL DASSAULT, 93370 MONTFERMEIL;48.902305018407084;2.581313136069261;—;GRANDS ENGINS
 SODIMPEX; SODIMPEX; SODIMPEX;95000;OSNY;49.0167;2.2036;ILE DE FRANCE;France;"16 CHAUSSEE JULES CESAR
95520 OSNY";49.05195945737576;2.0691450286794755;—;FOURNITURES
ID ACIER;ID ACIER;ID ACIER;77000;LE MESNIL AMELOT;49.1680;2.2980;ILE DE FRANCE;France;73 RUE DE CLAYE, 77990 LE MESNIL-AMELOT;49.017496392412184;2.5975151215974916;—;FOURNITURES
CLAMENS SA;CLAMENS SA;CLAMENS SA;77000;VILLEPARISIS;48.6127;2.3775;ILE DE FRANCE;France;"ZI SUD
RUE DES CARRIERES
77270 VILLEPARISIS";48.93613523138166;2.627523434782711;—;RECYCLAGE DES MATÉRIAUX
CLAMENS SA;CLAMENS SA;CLAMENS SA;77000;VILLEPARISIS;48.9020;2.4890;ILE DE France;France;"ROUTE DE VILLEVAUDE
77270 VILLEPARISIS";48.936895;2.617448;—;RECYCLAGE DES MATÉRIAUX
CLAMENS SA;CLAMENS SA;CLAMENS SA;77000;TROCYEN MULTIEN;48.5560;2.2100;ILE DE FRANCE;France;Rte nationale, 77440 Trocy-en-Multien, France;49.04079194665928;2.9605424977845383;—;RECYCLAGE DES MATÉRIAUX
TRANSPORTS LAGE;TRANSPORTS LAGE;TRANSPORTS LAGE;91000;LONGJUMEAU;48.5560;2.2100;ILE DE FRANCE;France;7 RUE DENIS PAPIN, 91160 LONGJUMEAU;48.70488603893335;2.303491045118953;—;GRANDS ENGINS
NEOCONCEPT;NEOCONCEPT;NEOCONCEPT;92000;COURBEVOIE;49.1680;2.2980;ILE DE FRANCE;France;84 BOULEVARD DE LA MISSION MARCHAND,92400 COURBEVOIE;48.90148283730926;2.2401392962828925;—;MARQUAGE /BALISAGE 
ARMA 7;ARMA 7;ARMA 7;78000;MANTESLAVILLE;48.6127;2.3775;ILE DE FRANCE;France;2 Allée de Chantereine -78711 Mantes La Ville;48.979194818860186;1.725397096718898;613390397;FOURNITURES
EIFFAGE ENERGIE SYSTEMES;Eiffage Energie Systemes;EIFFAGE ENERGIE SYSTEMES;78000;VOISINS LE BRETONNEUX;48.9020;2.4890;ILE DE FRANCE;France;Parc d'Affaire Le Val Saint-Quentin, 2 Rue René Caudron, 78960 Voisins-le-Bretonneux;48.75855528694339;2.061055471584475;—;FOURNITURES
EIFFAGE ENERGIE SYSTEMES;Eiffage Energie Systemes;EIFFAGE ENERGIE SYSTEMES;95000;TAVERNY;48.5560;2.2100;ILE DE FRANCE;France;44B Avenue des Châtaigniers, 95150 Taverny;49.02589938498447;2.1910030140840395;—;FOURNITURES
EIFFAGE ENERGIE SYSTEMES;Eiffage Energie Systemes;EIFFAGE ENERGIE SYSTEMES;77000;FERRIERES  EN BRIE;48.5560;2.2100;ILE DE FRANCE;France;8 bis rue Joseph Paxton, 77164 Ferrières-en-Brie, France;48.82862371145344;2.7185035293557926;—;FOURNITURES
EIFFAGE ENERGIE SYSTEMES;Eiffage Energie Systemes;EIFFAGE ENERGIE SYSTEMES;94000;CHEVILLY LARUE;48.9020;2.4890;ILE DE FRANCE;France;36 Rue du Séminaire, 94550 Chevilly-Larue;48.76119136029402;2.364769218177873;—;FOURNITURES
EIFFAGE ENERGIE SYSTEMES;Eiffage Energie Systemes;EIFFAGE ENERGIE SYSTEMES;78000;COIGNIERES;48.7994;2.0233;ILE DE FRANCE;France;18 Rue des Osiers, 78310 Coignières;48.74434716420026;1.9247183851023104;—;FOURNITURES
ROOFMART IDF;ROOFMART IDF;ROOFMART IDF;92000;GENNEVILLIERS;48.6127;2.3775;ILE DE FRANCE;France;90 avenue du Général de Gaulle,92230 GENNEVILLIERS ;48.934219117733555; 2.3163263384339974;01 41 21 92 3/ contact.france@roofmart.fr;FOURNITURES
WÜRTH FRANCE;WÜRTH FRANCE;WÜRTH FRANCE;75000;PARIS;48.9020;2.4890;ILE DE FRANCE;France;120 boulevard Richard Lenoir, 75011 Paris;48.87202087898701;2.398739240460891;—;FOURNITURES
WÜRTH FRANCE;WÜRTH FRANCE;WÜRTH FRANCE;77000;MEAUX;48.5560;2.2100;ILE DE FRANCE;France;7 avenue de la Victoire, ProxiShop Meaux, 77100 Meaux;48.957399750098126;2.910495451184402;—;FOURNITURES
WÜRTH FRANCE;WÜRTH FRANCE;WÜRTH FRANCE;77000;FERRIERES  EN BRIE;48.5560;2.2100;ILE DE FRANCE;France;17 avenue James de Rothschild, ZAC des Hauts de Ferrières, 77164 Ferrières-en-Brie;48.8285281807184;2.7009192103932653;—;FOURNITURES
WÜRTH FRANCE;WÜRTH FRANCE;WÜRTH FRANCE;77000;PONTAULT COMBAULT;48.9024;2.4229;ILE DE FRANCE;France;Le Pavé Route de Paris, 77340 Pontault-Combault;48.7763707860937;2.6005553796014476;—;FOURNITURES
WÜRTH FRANCE;WÜRTH FRANCE;WÜRTH FRANCE;78000;COIGNIERES;48.9020;2.4890;ILE DE FRANCE;France;35 Route Nationale 10, Proxishop Coignières, 78310 Coignières;48.7525206268565; 1.9338031451522932;—;FOURNITURES
WÜRTH FRANCE;WÜRTH FRANCE;WÜRTH FRANCE;78000;EPONE;48.7994;2.0233;ILE DE FRANCE;France;ZA de la Couronne des Prés, 600 Av. de la Mauldre, 78680 Épône, France;48.95948260262565; 1.82152259721932;—;FOURNITURES
WÜRTH FRANCE;WÜRTH FRANCE;WÜRTH FRANCE;91000;MASSY;48.9020;2.4890;ILE DE FRANCE;France;16 Rue du Buisson aux Fraises, 91300 Massy;48.72252946274941;2.288485704932949;—;FOURNITURES
WÜRTH FRANCE;WÜRTH FRANCE;WÜRTH FRANCE;91000;MONTLHERY;49.0167;2.2036;ILE DE FRANCE;France;Rue du Pont aux Pins, Parc Proxi Shop Montlhéry, 91310 Montlhéry;48.64935977421058;2.27461365194456;—;FOURNITURES
WÜRTH FRANCE;WÜRTH FRANCE;WÜRTH FRANCE;93000;NOISY LE SEC;48.9024;2.4229;ILE DE FRANCE;France;95 Rue du Parc, Proxi Shop Noisy le Sec, 93130 Noisy-le-Sec;48.89508283066557; 2.4431832555946174;—;FOURNITURES
WÜRTH FRANCE;WÜRTH FRANCE;WÜRTH FRANCE;95000;TAVERNY;48.6127;2.3775;ILE DE FRANCE;France;1 Rue Marguerite Perey, 95150 Taverny;49.02744861861843;2.2006561066281893;—;FOURNITURES
WÜRTH FRANCE;WÜRTH FRANCE;WÜRTH FRANCE;95000;CORMEILLES  EN PARISIS;48.9020;2.4890;ILE DE FRANCE;France;7 Allée des Coudrées, 95240 Cormeilles-en-Parisis;48.95063264506589;2.2021839722699004;—;FOURNITURES
DLB GONESSE;DLB GONESSE;DLB GONESSE;94000;BONNEUIL SUR MARNE;48.7742;2.4792;ILE DE FRANCE;France;"10 Carrefour Charles de Gaulle,94380 BONNEUIL SUR MARNE
";48.768231366142274;2.4867539168818733;—;BETON
SASU JDECO;SASU JDECO;SASU JDECO;78000;VERNOUILLET;48.9724604;1.9830623;ILE DE FRANCE;France; 3 cité Germain Pottier 78540 VERNOUILLET;48.972338;1.981846;06 69 49 08 82 / contactjdeco78@gmail com;FOURNITURES
MST;MST;MST;78000;TRAPPES;48.7760957;1.9988356;ILE DE FRANCE;France;"52 AVENUE ROGER HENNEQUIN
78190 TRAPPES";48.7639440404478;1.983751784487743;—;FOURNITURES
LD ASSAINISSEMENT;LD ASSAINISSEMENT;LD ASSAINISSEMENT;95000;ENNERY;49.07528;2.10528;ILE DE FRANCE;France;"ZONE ARTISANALE
83 CHEMIN DE LA CHAPELLE  SAINT ANTOINE
95300 ENNERY";49.070072913864145;2.1152511208948366;—;FOURNITURES
SMAC;SMAC;SMAC;92000;ISSY LES MOULINEAUX;48.82444;2.27167;ILE DE FRANCE;France;IMMEUBLE INSPIRA, 143 AVENUE DE VERDUN, 92130 ISSY-LES-MOULINEAUX;48.82197068850202;2.271851042029963;—;FOURNITURES
TELSTAR;TELSTAR;TELSTAR;78000; TRAPPES;48.7760957;1.9988356;ILE DE FRANCE;France;ZA DE TRAPPPES ELANCOURT, 26 AVENUE ROGER HENNEQUIN, 78190 TRAPPES;48.76752923182656;1.9925003728396316;—;FOURNITURES
PETIT DIDIER;petitdidier;petitdidier;95000;PIERRELAYE;49.0232238;2.1557343;ILE DE FRANCE;France;"2 B AVENUE DU GENERAL LECLERC
95480 PIERRELAYE";49.01495655178497;2.1580946491169777;—;FOURNITURES
LIVA ;LIVA ;LIVA ;78000;GARGENVILLE;48.99083;1.81;ILE DE FRANCE;France;IMPASSE DES HAIES, 78440 GARGENVILLE;48.98651721407922;1.806577924727208;—;FOURNITURES
CLIMATIDF;CLIMATIDF;CLIMATIDF;78000;VERNOUILLET;48.9724604;1.9830623;ILE DE FRANCE;France;49 RUE SAINT LEGER, 78540 VERNOUILLET;48.974720695146985;1.991719224761105;—;FOURNITURES
GOGY;GOGY;GOGY;95000;LE THILLAY;49.00611;2.4725;ILE DE FRANCE;France;44 rue Maurice Berteaux - 95500 LE THILLAY;49.00155436396379;2.48553322899341;—;FOURNITURES
HamVert SAS;HamVert SAS;HamVert SAS;95000;US;49.10083;1.96722;ILE DE FRANCE;France;3 Bis Rue Léon de Kersaint, 95450 Us, France;49.113491828488506;1.9660230718891443;—;FOURNITURES
LAFARGE BETONS;LAFARGE BETONS;LAFARGE BETONS;92000;NANTERRE;48.6127;2.3775;ILE DE FRANCE;France;5 Rue Lavoisier 92000 Nanterre;48.90309559042963;2.191273585065214;—;BETON
LAFARGE BETONS;LAFARGE BETONS;LAFARGE BETONS;78000;TRAPPES;48.7760957;1.9988356;ILE DE FRANCE;France;49 Avenue Georges Politzer 78190 Trappes;48.764078409212416;1.9826896298056973;—;BETON
LAFARGE BETONS;LAFARGE BETONS;LAFARGE BETONS;91000;WISSOUS;48.7316381;2.3268669;ILE DE FRANCE;France;Rue du Berger 91320 Wissous;48.74018935348059;2.4627109649095775;—;BETON
LAFARGE BETONS;LAFARGE BETONS;LAFARGE BETONS;77000;BRIE COMTE ROBERT;48.5560;2.2100;ILE DE FRANCE;France;ZAC du Tuboeuf 77170 Brie-Comte-Robert;48.70135450875696;2.6103748854598985;—;BETON
LAFARGE BETONS;LAFARGE BETONS;LAFARGE BETONS;77000;CHELLES;48.9024;2.4229;ILE DE FRANCE;France;Chemin du Corps de Garde 77500 Chelles;48.87557306995362; 2.6138015482251302;—;BETON
UNIBETON;HEIDELBERG MATERIALS FRANCE BETONS (UNIBETON);UNIBETON;95000;SARCELLES;48.7994;2.0233;ILE DE FRANCE;France;5 Rue Claude Chappe, 95200 Sarcelles, France;48.983635125523165;2.368901323601916;—;BETON
UNIBETON;HEIDELBERG MATERIALS FRANCE BETONS (UNIBETON);UNIBETON;94000;IVRY SUR SEINE;48.9020;2.4890;ILE DE FRANCE;France;Face au, 29 Quai Marcel Boyer, 94200 Ivry-sur-Seine, France;48.82246107138236; 2.3939269060718775;—;BETON
UNIBETON;HEIDELBERG MATERIALS FRANCE BETONS (UNIBETON);UNIBETON;94000;BONNEUIL SUR MARNE;48.7742;2.4792;ILE DE FRANCE;France;ZI Port de Bonneuil, 9 Route de l’Île Saint-Julien 94380 Bonneuil-sur-Marne;48.78125078368417;2.4842461356763703;—;BETON
UNIBETON;HEIDELBERG MATERIALS FRANCE BETONS (UNIBETON);UNIBETON;77000;POINCY;48.9024;2.4229;ILE DE FRANCE;France;19 Chem. des Bordes, 77470 Poincy, France;48.96994848902082; 2.925749111092333;—;BETON
UNIBETON;HEIDELBERG MATERIALS FRANCE BETONS (UNIBETON);UNIBETON;77000;LAGNY SUR MARNE;48.6127;2.3775;ILE DE FRANCE;France;Zone portuaire, Rue Freycinet 77400 Lagny-sur-Marne;48.8781015423916;2.68588678127608;—;BETON
UNIBETON;HEIDELBERG MATERIALS FRANCE BETONS (UNIBETON);UNIBETON;77000;LA GRANDE PAROISSE;48.9020;2.4890;ILE DE FRANCE;France;Route de Varennes La Grande Paroisse, 77130 Montereau-Fault-Yonne, France;48.36714876246584;2.8924770675512006;—;BETON
EQIOM BETONS;EQIOM BETONS;EQIOM BETONS;91000;WISSOUS;48.7316381;2.3268669;ILE DE FRANCE;France;Rue du Berger, 91320 Wissous, France;48.72067176496216;2.342267413446846;—;FOURNITURES
EQIOM BETONS;EQIOM BETONS;EQIOM BETONS;92000;NANTERRE;49.0167;2.2036;ILE DE FRANCE;France;ZI du Port, 21 Rue Lavoisier, 92000 Nanterre;48.90024351930327;2.1801792738778447;—;FOURNITURES
EQIOM BETONS;EQIOM BETONS;EQIOM BETONS;75000;PARIS;49.1680;2.2980;ILE DE FRANCE;France;Face au, 70 Quai Panhard et Levassor, 75013 Paris, France;48.83142935642313;2.381354318245673;—;FOURNITURES
EQIOM BETONS;EQIOM BETONS;EQIOM BETONS;75000;PARIS;48.6127;2.3775;ILE DE FRANCE;France;39 Boulevard de Douaumont, 75017 Paris;48.89333378760822;2.3074113863118715;—;FOURNITURES
EQIOM BETONS;EQIOM BETONS;EQIOM BETONS;93000;PANTIN;48.9020;2.4890;ILE DE FRANCE;France;Chemin Latéral au Chemin de Fer, 93500 Pantin;48.89640649254472;2.422973435805491;—;FOURNITURES
EQIOM BETONS;EQIOM BETONS;EQIOM BETONS;93000;BONDY;48.5560;2.2100;ILE DE FRANCE;France;au Canal de l'Ourcq, Chem. de Halage, 93140 Bondy, France;48.90685954797615;2.475000050369069;—;FOURNITURES
EQIOM BETONS;EQIOM BETONS;EQIOM BETONS;77000;SAINT SOUPPLETS;48.5560;2.2100;ILE DE FRANCE;France;8 Av. du Montboulon, 77165 Saint-Soupplets, France;49.030765997983224;2.8066194501323394;—;FOURNITURES
EQIOM BETONS;EQIOM BETONS;EQIOM BETONS;77000;LE MESNIL AMELOT;48.9024;2.4229;ILE DE FRANCE;France;Aéroport Roissy CDG Zone Centrale Est, 77990 Le Mesnil-Amelot, France;49.010820634068274;2.607360987790983;—;FOURNITURES
ENTREPRISE MARQUES;ENTREPRISE MARQUES;ENTREPRISE MARQUES;95000;BEAUCHAMP;48.9020;2.4890;ILE DE FRANCE;France;16 RUE DENIS PAPIN, 95250 BEAUCHAMP;49.01844454659192;2.1796131984251734;—;GRANDS ENGINS
MRB;MRB MATERIAUX ROUTIERS DE BONNEUIL;MRB MATERIAUX ROUTIERS DE BONNEUIL;94000;VALENTON;48.7994;2.0233;ILE DE FRANCE;France;"STE NOUVELLE DE BALLASTIERES
1 RUE VASCO DE GAMA
94460 VALENTON";48.76775;2.44951;—;FOURNITURES
POINT P;P.P;POINT P;93000;LIVRY GARGAN;48.9020;2.4890;ILE DE FRANCE;France;51 bd Robert shumann- Livry Gargan 93190;48.92901;2.54992;01 49 36 25 25;FOURNITURES
POINT P;P.P;POINT P;77000;MARNESAINT THIBAULT;49.0167;2.2036;ILE DE FRANCE;France;11 av de la Courtilière,  77400 Marne Saint-Thibault ;48.86882;2.67471;01 64 12 45 45;FOURNITURES
CHADAPAUX;CHADAPAUX;CHADAPAUX;93000;BOBIGNY;48.9024;2.4229;ILE DE FRANCE;France;88 Rue Saint André;48.90247217735652;2.4230333896767204;—;FOURNITURES
CHADAPAUX;CHADAPAUX;CHADAPAUX;75000;PARIS;49.0167;2.2036;ILE DE FRANCE;France;12 Rue Franquet;48.83288116113217; 2.3065224331995986;—;FOURNITURES
CHADAPAUX;CHADAPAUX;CHADAPAUX;92000;NANTERRE;49.1680;2.2980;ILE DE FRANCE;France;25 Rue des Hautes Pâtures;48.91558016140177;2.2177702845552307;—;FOURNITURES
CHADAPAUX;CHADAPAUX;CHADAPAUX;77000;PROVINS;48.6127;2.3775;ILE DE FRANCE;France;ZI Champbenoist, Avenue de la Voulzie;48.549324966181175;3.2944119566979295;—;FOURNITURES
CHADAPAUX;CHADAPAUX;CHADAPAUX;77000;COULOMMIERS;48.9020;2.4890;ILE DE FRANCE;France;ZI 10 Rue de l’Orgeval;48.80207741539228;3.089670727778921;—;FOURNITURES
CHADAPAUX;CHADAPAUX;CHADAPAUX;77000;FONTAINEBLEAU;48.5560;2.2100;ILE DE FRANCE;France;169 Rue Grande;48.41038905433805;2.7047546858127425;—;FOURNITURES
CHADAPAUX;CHADAPAUX;CHADAPAUX;77000;MEAUX;48.5560;2.2100;ILE DE FRANCE;France;22 Avenue de la Victoire;48.9562154496783;2.907365296096865;—;FOURNITURES
CHADAPAUX;CHADAPAUX;CHADAPAUX;77000;LE MEE SUR SEINE;48.9020;2.4890;ILE DE FRANCE;France;RN 446 Rue Jean Baptiste Colbert;48.55220334032405;2.631831022725858;—;FOURNITURES
CHADAPAUX;CHADAPAUX;CHADAPAUX;78000;ORGEVAL;48.7994;2.0233;ILE DE FRANCE;France;Blanche 1112 Route des Quarante Sous;48.92789178372024;1.9857294893772577;—;FOURNITURES
CHADAPAUX;CHADAPAUX;CHADAPAUX;77000;SAMOREAU;49.0167;2.2036;ILE DE FRANCE;France;Zone d’activité les Brulis, 110 TER Voie de la Liberté, 77210 Samoreau, France;48.423768752886225;2.7676314110150457;—;FOURNITURES
CHADAPAUX;CHADAPAUX;CHADAPAUX;94000;CHAMPIGNY SUR MARNE;48.9024;2.4229;ILE DE FRANCE;France;82 Avenue Roger Salengro;48.81816318840322;2.4920512641646346;—;FOURNITURES
CHADAPAUX;CHADAPAUX;CHADAPAUX;75000;PARIS;48.8534951;2.3483915;ILE DE FRANCE;France;6 Rue Abel;48.846622373353085;2.375120986021863;—;FOURNITURES
CHADAPAUX;CHADAPAUX;CHADAPAUX;75000;PARIS;48.8534951;2.3483915;ILE DE FRANCE;France;45-49 Rue de Patay;48.82561607562299;2.374284740237746;—;FOURNITURES
CHADAPAUX;CHADAPAUX;CHADAPAUX;77000;OZOIR LA FERRIERE;48.7653;2.6690;ILE DE FRANCE;France;30 Avenue Henri Beaudelet;48.76372385383034;2.694340574522363;—;FOURNITURES
CHADAPAUX;CHADAPAUX;CHADAPAUX;93000;MONTREUIL;48.8638;2.4480;ILE DE FRANCE;France;278 Rue de Rosny, 93100 Montreuil, France;48.869182034405796;2.4668765465668074;—;FOURNITURES
CHADAPAUX;CHADAPAUX;CHADAPAUX;78000;RAMBOUILLET;48.6452851;1.819207;ILE DE FRANCE;France;10 Rue de Cutesson, 78125 Rambouillet, France;48.623146887452485;1.8260863372887663;—;FOURNITURES
CHADAPAUX;CHADAPAUX;CHADAPAUX;95000;HERBLAY SUR SEINE;48.9927;2.1635;ILE DE FRANCE;France;ZI Paul Langevin, 3 Avenue Paul Langevin;49.0027711824017;2.174993475550538;—;FOURNITURES
CHADAPAUX;CHADAPAUX;CHADAPAUX;94000;BOISSY SAINT LEGER;48.7543;2.5120;ILE DE FRANCE;France;ZI La Haie Griselle, 3 Rue du 8 Mai 1945;48.7582277178197;2.504860479994416;—;FOURNITURES
CHADAPAUX;CHADAPAUX;CHADAPAUX;75000;PARIS;48.8534951;2.3483915;ILE DE FRANCE;France;8 Rue du Dahomey;48.85108821007771;2.382892311599287;—;FOURNITURES
BJ BOIS;BJ BOIS;BJ BOIS;91000;CHILLY MAZARIN;48.702;2.316;ILE DE FRANCE;France;6 Rue Denis Papin, 91380 Chilly-Mazarin, France;48.704734030731224;2.3040722249267596;—;FOURNITURES
DPA;DPA;DPA;91000;SAINTE GENEVIEVE DES BOIS;48.637;2.334;ILE DE FRANCE;France;"24 Rue du Petit Fief
91700 Sainte-Geneviève-des-Bois";48.621751799001345;2.34033207522382;0146867247/ contact@dpa94.com;MATERIEL BLANC 
AQUA RESEAUX;AQUA RESEAUX;AQUA RESEAUX;91000;BRETIGNY SUR ORGE;48.611;2.305;ILE DE FRANCE;France;"4 Ruelle du che chemin de fer
91220 Bretigny sur orge";48.609705012576;2.304501013041;07 69 18 60 73 / vickingngoy6@gmail.com;FOURNITURES
APPRO PAYSAGE;APPRO PAYSAGE;APPRO PAYSAGE;95000;MERY SUR OISE;49.060;2.191;ILE DE FRANCE;France;19 Chem. de Pontoise, 95540 Méry-sur-Oise, France;49.05862688174611;2.174637941145532;;FOURNITURES
LA MODERNE;LA MODERNE;LA MODERNE;92000;BAGNEUX;48.795;2.307;ILE DE FRANCE;France; 169, av. Henri Ravera - BP 60150 - 92223 BAGNEUX CEDEX ;48.803297;2.311890;01 46 56 16 04;FOURNITURES
LA MODERNE;LA MODERNE;LA MODERNE;93000;TREMBLAY EN FRANCE;48.950;2.568;ILE DE FRANCE;France;12-14, route des Petits-Ponts - 93290 TREMBLAY-EN-FRANCE;48.963658312786755;2.563855442979472; 01 48 61 94 89 /lamoderne@la-moderne.fr;FOURNITURES
ESPACE DECO;ESPACE DECO;ESPACE DECO;93000;ENNERY;49.07563616563348;2.1049900988655046;ILE DE FRANCE;France;9 Chemin de la Chapelle - ZA St Antoine Ennery - 95300 Pontoise;49.06692417507256;2.1091098131995247;01 30 30 53 58 / espace.deco@espacedeco.com;FOURNITURES
CDL;CDL;CDL;77000;VERT SAINT DENIS;48.569;2.620;ILE DE FRANCE;France;45 ALLEE DE BOUTIGNY,77240 VERT-SAINT-DENIS;48.57104226904376;2.6639017236176015;—;FOURNITURES
CDL;CDL;CDL;78000;PLAISIR;48.817;1.948;ILE DE FRANCE;France;665 RUE DE LA BOISSIERE,78370 PLAISIR;48.82196349779573;1.9398822567175396;—;FOURNITURES
CDL;CDL;CDL;95000;BEAUCHAMP;49.016;2.192;ILE DE FRANCE;France;"222 CHAUSSEE JULES CESAR
95250 BEAUCHAMP";49.01788539454566;2.180841315770199;—;FOURNITURES
CDL;CDL;CDL;77000;MITRY MORY;48.983;2.616;ILE DE FRANCE;France;"6 RUE JACQUART
77290 MITRY MORY";48.992216307966075;2.6564960652846845;—;FOURNITURES
CDL;CDL;CDL;91000;MORANGIS;48.704;2.337;ILE DE FRANCE;France;"14 RUE GUSTAVE EIFFEL
91420 MORANGIS";48.700048998663064;2.340368638572602;—;FOURNITURES
CF DALLAGE;CF DALLAGE;CF DALLAGE;93000;SAINT DENIS  ;48.936;2.357;ILE DE FRANCE;France;"90, Boulevard Anatole France 93200 SAINT DENIS  
 ";48.925927387824736;2.349491408082317;cf.dallage2025@outlook.fr/06.73.43.36.36 ;FOURNITURES
RABONI ;Ra;RABONI TRAPPES;78000;TRAPPES;;;ILE DE FRANCE;France;19 Rue François Arago, 78190 Trappes, France;48.76861066772124;2.0316460199647093;—;FOURNITURES
RABONI ;Ra;RABONI NANTERRE  ;92000;NANTERRE   ;;;ILE DE FRANCE;France;38-58 Rue Noël Pons, 92000 Nanterre, France;48.9129472536281; 2.267646556395304;—;FOURNITURES
RABONI ;Ra;RABONI BOULOGNE BILLANCOURT;92000;BOULOGNE BILLANCOURT;;;ILE DE FRANCE;France;69 Bd de la République, 92100 Boulogne-Billancourt, France;48.84024046166703;2.2944257289851606;—;FOURNITURES
RABONI ;Ra;RABONI ISSY LES MOULINEAUX;92000;ISSY LES MOULINEAUX;;;ILE DE FRANCE;France;12 Quai du Président Roosevelt, 92130 Issy-les-Moulineaux, France;48.84340382406885;2.2834394017688093;—;FOURNITURES
RABONI ;Ra;RABONI PARIS;75000;PARIS;48.8534951;2.3483915;ILE DE FRANCE;France;4 Port de Tolbiac, 75013 Paris, France;48.82881597802371;2.385630913326477;—;FOURNITURES
CHAUSSON;Frans;FRANSBONHOMME;94000;BONNEUIL SUR MARNE;48.7742;2.4792;ILE DE FRANCE;France;5 Rue du Moulin Bateau, 94380 Bonneuil-sur-Marne, France;48.78468950003275;2.503130261253915;—;FOURNITURES
CHAUSSON;Frans;FRANSBONHOMME;77000;CLAYE SOUILLY;48.9986182;2.8504604;ILE DE FRANCE;France;ZI la Motte, 13 Rue Victor Baltard, 77410 Claye-Souilly, France;48.96812785862082;2.7293168644669605;—;FOURNITURES
CHAUSSON;Frans;FRANSBONHOMME;94000;LIMEIL BREVANNES;48.74694;2.47917;ILE DE FRANCE;France;3 Av. Descartes, 94450 Limeil-Brévannes, France;48.75824642119656;2.5317483666275367;—;FOURNITURES
LA PLATEFORME DU BATIMENT;LA PLATEFORME DU BATIMENT;LA PLATEFORME DU BATIMENT;92000;NEUILLY SUR SEINE;48.7994;2.0233;ILE DE FRANCE;France;4 Rue Jacques Dulud, 92200 Neuilly-sur-Seine, France;48.903701728022625;2.33365679514658;—;FOURNITURES
LA PLATEFORME DU BATIMENT;LA PLATEFORME DU BATIMENT;LA PLATEFORME DU BATIMENT;92000;NANTERRE;48.9024;2.4229;ILE DE FRANCE;France;8 Rue des Fondrières, 92000 Nanterre, France;48.90668753495639;2.2465289590551927;—;FOURNITURES
LA PLATEFORME DU BATIMENT;LA PLATEFORME DU BATIMENT;LA PLATEFORME DU BATIMENT;92000;NANTERRE;48.9024;2.4229;ILE DE FRANCE;France;186 Av. Georges Clemenceau, 92000 Nanterre, France;48.90019141186394;2.2648174583065224;—;FOURNITURES
LA PLATEFORME DU BATIMENT;LA PLATEFORME DU BATIMENT;LA PLATEFORME DU BATIMENT;75000;PARIS;48.6127;2.3775;ILE DE FRANCE;France;82 Rue Regnault, 75013 Paris, France;48.82988713192463;2.387322042313172;—;FOURNITURES
LA PLATEFORME DU BATIMENT;LA PLATEFORME DU BATIMENT;LA PLATEFORME DU BATIMENT;75000;PARIS;48.6127;2.3775;ILE DE FRANCE;France;12 Rue Ferrus, 75014 Paris, France;48.837332037070844;2.3439995351620495;—;FOURNITURES
;LA PLATEFORME DU BATIMENT;LA PLATEFORME DU BATIMENT;75000;PARIS;48.6127;2.3775;ILE DE FRANCE;France;Ligne 1, métro, Prte de Vincennes, 75020 Paris, France;48.84910517703111;2.4138062519040973;—;FOURNITURES
LAFARGE BETONS;LAFARGE BETONS;LAFARGE BETONS;92000;GENNEVILLIERS;48.9020;2.4890;ILE DE FRANCE;France;8 Rte du Bass. Numéro 5, 92230 Gennevilliers, France;49.01739962080418; 2.4515877304794014;—;BETON
LOXAM ;Lo;LOXAM  COLOMBES;92000;COLOMBES;48.92301136844593;2.2521095666920448;ILE DE FRANCE;France;26 Rue de la Seine ZI De La Prairie, 92700 Colombes, France;48.92352351333529;2.23704084592229;mounir.amraoui@loxam.fr;PETITS ENGINS
SPME;SPME;SPME;78000;TRAPPES;48.7760957;1.9988356;ILE DE FRANCE;France;56 Av. Roger Hennequin Z.I, 78190 Trappes, France;48.76252464445127;1.9808082811725733;—;FOURNITURES
POINT P;P.P;POINT P;78000;TRAPPES;48.7760958;1.9988357;ILE DE FRANCE;France;Zi Trappes Elancourt, 13 Rue François Arago, 78190 Trappes, France;48.75870354675547;1.9769111144648088;—;FOURNITURES
;;;77000;ACHERES LA FORET;48.35361;2.57028;ILE DE FRANCE;France;;;;;
;;;77000;AMILLIS;48.74028;3.13056;ILE DE FRANCE;France;;;;;
;;;77000;AMPONVILLE;48.27889;2.52944;ILE DE FRANCE;France;;;;;
;;;77000;ANDREZEL;48.61111;2.81361;ILE DE FRANCE;France;;;;;
;;;77000;ANNET SUR MARNE;48.92694;2.71972;ILE DE FRANCE;France;;;;;
;;;77000;ARBONNE LA FORET;48.41361;2.56444;ILE DE FRANCE;France;;;;;
;;;77000;ARGENTIERES;48.65445;2.87028;ILE DE FRANCE;France;;;;;
;;;77000;ARMENTIERESEN BRIE;48.97833;3.02056;ILE DE FRANCE;France;;;;;
;;;77000;ARVILLE;48.18694;2.54972;ILE DE FRANCE;France;;;;;
;;;77000;AUBEPIERRE OZOUER LE REPOS;48.63083;2.88722;ILE DE FRANCE;France;;;;;
;;;77000;AUFFERVILLE;48.21417;2.61;ILE DE FRANCE;France;;;;;
;;;77000;AUGERSEN BRIE;48.68028;3.35861;ILE DE FRANCE;France;;;;;
;;;77000;AULNOY;48.84167;3.09611;ILE DE FRANCE;France;;;;;
;;;77000;AVON;48.40778;2.72361;ILE DE FRANCE;France;;;;;
;;;77000;BABY;48.39722;3.34194;ILE DE FRANCE;France;;;;;
;;;77000;BAGNEAUX SUR LOING;48.22889;2.70556;ILE DE FRANCE;France;;;;;
;;;77000;BAILLY ROMAINVILLIERS;48.84028;2.81139;ILE DE FRANCE;France;;;;;
;;;77000;BALLOY;48.39722;3.14722;ILE DE FRANCE;France;;;;;
;;;77000;BANNOST VILLEGAGNON;48.67805;3.1925;ILE DE FRANCE;France;;;;;
;;;77000;BARBEY;48.365;3.05694;ILE DE FRANCE;France;;;;;
;;;77000;BARBIZON;48.44695;2.60278;ILE DE FRANCE;France;;;;;
;;;77000;BARCY;49.01778;2.88111;ILE DE FRANCE;France;;;;;
;;;77000;BASSEVELLE;48.92833;3.28778;ILE DE FRANCE;France;;;;;
;;;77000;BAZOCHES LES BRAY;48.39944;3.18917;ILE DE FRANCE;France;;;;;
;;;77000;BEAUCHERY SAINT MARTIN;48.615;3.40417;ILE DE FRANCE;France;;;;;
;;;77000;BEAUMONT DU GATINAIS;48.13611;2.47556;ILE DE FRANCE;France;;;;;
;;;77000;BEAUTHEIL SAINTS;48.75861;3.05083;ILE DE FRANCE;France;;;;;
;;;77000;BEAUVOIR;48.64528;2.86417;ILE DE FRANCE;France;;;;;
;;;77000;BELLOT;48.85722;3.31917;ILE DE FRANCE;France;;;;;
;;;77000;BERNAY VILBERT;48.67694;2.93833;ILE DE FRANCE;France;;;;;
;;;77000;BETON BAZOCHES;48.70167;3.245;ILE DE FRANCE;France;;;;;
;;;77000;BEZALLES;48.67833;3.24389;ILE DE FRANCE;France;;;;;
;;;77000;BLANDY;48.56583;2.7825;ILE DE FRANCE;France;;;;;
;;;77000;BLENNES;48.25722;3.02417;ILE DE FRANCE;France;;;;;
;;;77000;BOIS LE ROI;48.46972;2.70639;ILE DE FRANCE;France;;;;;
;;;77000;BOISDON;48.68444;3.225;ILE DE FRANCE;France;;;;;
;;;77000;BOISSETTES;48.52139;2.61056;ILE DE FRANCE;France;;;;;
;;;77000;BOISSISE LA BERTRAND;48.5275;2.58861;ILE DE FRANCE;France;;;;;
;;;77000;BOISSISE LE ROI;48.52806;2.57306;ILE DE FRANCE;France;;;;;
;;;77000;BOISSY AUX CAILLES;48.31944;2.50389;ILE DE FRANCE;France;;;;;
;;;77000;BOISSY LE CHATEL;48.82083;3.13861;ILE DE FRANCE;France;;;;;
;;;77000;BOITRON;48.89611;3.26167;ILE DE FRANCE;France;;;;;
;;;77000;BOMBON;48.57361;2.85944;ILE DE FRANCE;France;;;;;
;;;77000;BOUGLIGNY;48.195;2.6575;ILE DE FRANCE;France;;;;;
;;;77000;BOULANCOURT;48.2575;2.435;ILE DE FRANCE;France;;;;;
;;;77000;BOULEURS;48.88278;2.90778;ILE DE FRANCE;France;;;;;
;;;77000;BOURRON MARLOTTE;48.33944;2.70083;ILE DE FRANCE;France;;;;;
;;;77000;BOUTIGNY;48.92;2.93028;ILE DE FRANCE;France;;;;;
;;;77000;BRANSLES;48.15167;2.83333;ILE DE FRANCE;France;;;;;
;;;77000;BRAY SUR SEINE;48.41556;3.24111;ILE DE FRANCE;France;;;;;
;;;77000;BREAU;48.56139;2.87917;ILE DE FRANCE;France;;;;;
;;;77000;BRIE COMTE ROBERT;48.69111;2.61167;ILE DE FRANCE;France;;;;;
;;;77000;LA BROSSE MONTCEAUX;48.34306;3.02083;ILE DE FRANCE;France;;;;;
;;;77000;BROU SUR CHANTEREINE;48.88278;2.6325;ILE DE FRANCE;France;;;;;
;;;77000;BURCY;48.23833;2.5225;ILE DE FRANCE;France;;;;;
;;;77000;BUSSIERES;48.92194;3.23472;ILE DE FRANCE;France;;;;;
;;;77000;BUSSY SAINT GEORGES;48.84222;2.69833;ILE DE FRANCE;France;;;;;
;;;77000;BUSSY SAINT MARTIN;48.85;2.6925;ILE DE FRANCE;France;;;;;
;;;77000;BUTHIERS;48.28528;2.42861;ILE DE FRANCE;France;;;;;
;;;77000;CANNESECLUSE;48.36361;2.98556;ILE DE FRANCE;France;;;;;
;;;77000;CARNETIN;48.90111;2.70528;ILE DE FRANCE;France;;;;;
;;;77000;LA CELLE SUR MORIN;48.80639;2.9675;ILE DE FRANCE;France;;;;;
;;;77000;CELY;48.46028;2.53889;ILE DE FRANCE;France;;;;;
;;;77000;CERNEUX;48.69389;3.34639;ILE DE FRANCE;France;;;;;
;;;77000;CESSON;48.56333;2.60528;ILE DE FRANCE;France;;;;;
;;;77000;CESSOYEN MONTOIS;48.505;3.14806;ILE DE FRANCE;France;;;;;
;;;77000;CHAILLY EN BIERE;48.46695;2.6075;ILE DE FRANCE;France;;;;;
;;;77000;CHAILLY EN BRIE;48.79028;3.12472;ILE DE FRANCE;France;;;;;
;;;77000;CHAINTREAUX;48.19889;2.82056;ILE DE FRANCE;France;;;;;
;;;77000;CHALAUTRE LA GRANDE;48.54222;3.46083;ILE DE FRANCE;France;;;;;
;;;77000;CHALAUTRE LA PETITE;48.52806;3.31472;ILE DE FRANCE;France;;;;;
;;;77000;CHALIFERT;48.88806;2.77278;ILE DE FRANCE;France;;;;;
;;;77000;CHALMAISON;48.48167;3.25111;ILE DE FRANCE;France;;;;;
;;;77000;CHAMBRY;48.99833;2.89417;ILE DE FRANCE;France;;;;;
;;;77000;CHAMIGNY;48.97445;3.15194;ILE DE FRANCE;France;;;;;
;;;77000;CHAMPAGNE SUR SEINE;48.39556;2.79583;ILE DE FRANCE;France;;;;;
;;;77000;CHAMPCENEST;48.67028;3.28333;ILE DE FRANCE;France;;;;;
;;;77000;CHAMPDEUIL;48.62056;2.73167;ILE DE FRANCE;France;;;;;
;;;77000;CHAMPEAUX;48.58444;2.80694;ILE DE FRANCE;France;;;;;
;;;77000;CHAMPS SUR MARNE;48.85167;2.60167;ILE DE FRANCE;France;;;;;
;;;77000;CHANGIS SUR MARNE;48.95694;3.01583;ILE DE FRANCE;France;;;;;
;;;77000;CHANTELOUP  EN BRIE;48.85639;2.73917;ILE DE FRANCE;France;;;;;
;;;77000;LA CHAPELLE GAUTHIER;48.54917;2.89889;ILE DE FRANCE;France;;;;;
;;;77000;LA CHAPELLE IGER;48.65278;2.98972;ILE DE FRANCE;France;;;;;
;;;77000;LA CHAPELLE LA REINE;48.31694;2.56917;ILE DE FRANCE;France;;;;;
;;;77000;LA CHAPELLE MOUTILS;48.775;3.39139;ILE DE FRANCE;France;;;;;
;;;77000;LA CHAPELLE RABLAIS;48.50833;2.94667;ILE DE FRANCE;France;;;;;
;;;77000;LA CHAPELLE SAINT SULPICE;48.555;3.17889;ILE DE FRANCE;France;;;;;
;;;77000;LES CHAPELLES BOURBON;48.74139;2.84139;ILE DE FRANCE;France;;;;;
;;;77000;CHARMENTRAY;48.94611;2.77611;ILE DE FRANCE;France;;;;;
;;;77000;CHARNY;48.97028;2.76167;ILE DE FRANCE;France;;;;;
;;;77000;CHARTRETTES;48.49;2.70056;ILE DE FRANCE;France;;;;;
;;;77000;CHARTRONGES;48.74639;3.26972;ILE DE FRANCE;France;;;;;
;;;77000;CHATEAU LANDON;48.14861;2.70194;ILE DE FRANCE;France;;;;;
;;;77000;CHATEAUBLEAU;48.58833;3.10944;ILE DE FRANCE;France;;;;;
;;;77000;LE CHATELETEN BRIE;48.50528;2.79333;ILE DE FRANCE;France;;;;;
;;;77000;CHATENAY SUR SEINE;48.42083;3.1;ILE DE FRANCE;France;;;;;
;;;77000;CHATENOY;48.2325;2.62694;ILE DE FRANCE;France;;;;;
;;;77000;CHATILLON LA BORDE;48.54333;2.80944;ILE DE FRANCE;France;;;;;
;;;77000;CHATRES;48.71056;2.80972;ILE DE FRANCE;France;;;;;
;;;77000;CHAUCONIN NEUFMONTIERS;48.97583;2.83861;ILE DE FRANCE;France;;;;;
;;;77000;CHAUFFRY;48.81306;3.18222;ILE DE FRANCE;France;;;;;
;;;77000;CHAUMESEN BRIE;48.66583;2.8425;ILE DE FRANCE;France;;;;;
;;;77000;CHELLES;48.87722;2.57833;ILE DE FRANCE;France;;;;;
;;;77000;CHENOISE CUCHARMOY;48.61583;3.19556;ILE DE FRANCE;France;;;;;
;;;77000;CHENOU;48.16556;2.65861;ILE DE FRANCE;France;;;;;
;;;77000;CHESSY;48.88055;2.76444;ILE DE FRANCE;France;;;;;
;;;77000;CHEVRAINVILLIERS;48.24417;2.615;ILE DE FRANCE;France;;;;;
;;;77000;CHEVRU;48.73639;3.19694;ILE DE FRANCE;France;;;;;
;;;77000;CHEVRY COSSIGNY;48.72417;2.65806;ILE DE FRANCE;France;;;;;
;;;77000;CHEVRY  EN SEREINE;48.25278;2.94361;ILE DE FRANCE;France;;;;;
;;;77000;CHOISYEN BRIE;48.75889;3.21944;ILE DE FRANCE;France;;;;;
;;;77000;CITRY;48.96806;3.24083;ILE DE FRANCE;France;;;;;
;;;77000;CLAYE SOUILLY;48.9986182;2.8504604;ILE DE FRANCE;France;;;;;
;;;77000;CLOS FONTAINE;48.60722;3.01722;ILE DE FRANCE;France;;;;;
;;;77000;COCHEREL;49.02083;3.10194;ILE DE FRANCE;France;;;;;
;;;77000;COLLEGIEN;48.83833;2.67139;ILE DE FRANCE;France;;;;;
;;;77000;COMBS LA VILLE;48.66528;2.55167;ILE DE FRANCE;France;;;;;
;;;77000;COMPANS;48.99472;2.66444;ILE DE FRANCE;France;;;;;
;;;77000;CONCHES SUR GONDOIRE;48.85583;2.71528;ILE DE FRANCE;France;;;;;
;;;77000;CONDE SAINTE LIBIAIRE;48.89694;2.83194;ILE DE FRANCE;France;;;;;
;;;77000;CONGIS SUR THEROUANNE;49.00611;2.97889;ILE DE FRANCE;France;;;;;
;;;77000;COUBERT;48.67139;2.69778;ILE DE FRANCE;France;;;;;
;;;77000;COUILLY PONT AUX DAMES;48.88556;2.85972;ILE DE FRANCE;France;;;;;
;;;77000;COULOMBSEN VALOIS;49.06917;3.12778;ILE DE FRANCE;France;;;;;
;;;77000;COULOMMES;48.89083;2.93111;ILE DE FRANCE;France;;;;;
;;;77000;COULOMMIERS;48.81667;3.085;ILE DE FRANCE;France;;;;;
;;;77000;COUPVRAY;48.8925;2.79389;ILE DE FRANCE;France;;;;;
;;;77000;COURCELLES  EN BASSEE;48.40944;3.05472;ILE DE FRANCE;France;;;;;
;;;77000;COURCHAMP;48.63778;3.28722;ILE DE FRANCE;France;;;;;
;;;77000;COURPALAY;48.6475;2.95889;ILE DE FRANCE;France;;;;;
;;;77000;COURQUETAINE;48.67694;2.74722;ILE DE FRANCE;France;;;;;
;;;77000;COURTACON;48.69611;3.2925;ILE DE FRANCE;France;;;;;
;;;77000;COURTOMER;48.65389;2.90333;ILE DE FRANCE;France;;;;;
;;;77000;COURTRY;48.91806;2.60361;ILE DE FRANCE;France;;;;;
;;;77000;COUTENCON;48.47055;2.99694;ILE DE FRANCE;France;;;;;
;;;77000;COUTEVROULT;48.86306;2.85222;ILE DE FRANCE;France;;;;;
;;;77000;CRECY LA CHAPELLE;48.8575;2.91194;ILE DE FRANCE;France;;;;;
;;;77000;CREGY LES MEAUX;48.97944;2.87694;ILE DE FRANCE;France;;;;;
;;;77000;CREVECŒUR  EN BRIE;48.75389;2.90778;ILE DE FRANCE;France;;;;;
;;;77000;CRISENOY;48.59722;2.74556;ILE DE FRANCE;France;;;;;
;;;77000;CROISSY BEAUBOURG;48.82944;2.66;ILE DE FRANCE;France;;;;;
;;;77000;LA CROIXEN BRIE;48.59333;3.07528;ILE DE FRANCE;France;;;;;
;;;77000;CROUY SUR OURCQ;49.09028;3.07694;ILE DE FRANCE;France;;;;;
;;;77000;CUISY;49.01944;2.77389;ILE DE FRANCE;France;;;;;
;;;77000;DAGNY;48.71778;3.17278;ILE DE FRANCE;France;;;;;
;;;77000;DAMMARIE LES LYS;48.52722;2.64;ILE DE FRANCE;France;;;;;
;;;77000;DAMMARTINEN GOELE;49.05333;2.67944;ILE DE FRANCE;France;;;;;
;;;77000;DAMMARTIN SUR TIGEAUX;48.8175;2.92333;ILE DE FRANCE;France;;;;;
;;;77000;DAMPMART;48.88667;2.73583;ILE DE FRANCE;France;;;;;
;;;77000;DARVAULT;48.27056;2.73611;ILE DE FRANCE;France;;;;;
;;;77000;DHUISY;49.03944;3.16139;ILE DE FRANCE;France;;;;;
;;;77000;DIANT;48.28083;2.99306;ILE DE FRANCE;France;;;;;
;;;77000;DONNEMARIE DONTILLY;48.47583;3.12722;ILE DE FRANCE;France;;;;;
;;;77000;DORMELLES;48.31583;2.90139;ILE DE FRANCE;France;;;;;
;;;77000;DOUE;48.86555;3.16472;ILE DE FRANCE;France;;;;;
;;;77000;DOUY LA RAMEE;49.06611;2.8825;ILE DE FRANCE;France;;;;;
;;;77000;ECHOUBOULAINS;48.46472;2.94611;ILE DE FRANCE;France;;;;;
;;;77000;LESECRENNES;48.50444;2.85833;ILE DE FRANCE;France;;;;;
;;;77000;EGLIGNY;48.42694;3.12083;ILE DE FRANCE;France;;;;;
;;;77000;EGREVILLE;48.17556;2.87278;ILE DE FRANCE;France;;;;;
;;;77000;EMERAINVILLE;48.8125;2.62028;ILE DE FRANCE;France;;;;;
;;;77000;ESBLY;48.90667;2.8125;ILE DE FRANCE;France;;;;;
;;;77000;ESMANS;48.34917;2.97694;ILE DE FRANCE;France;;;;;
;;;77000;ETREPILLY;49.03472;2.93222;ILE DE FRANCE;France;;;;;
;;;77000;EVERLY;48.46639;3.25083;ILE DE FRANCE;France;;;;;
;;;77000;EVRY GREGY SUR YERRE;48.65278;2.635;ILE DE FRANCE;France;;;;;
;;;77000;FAREMOUTIERS;48.79972;2.99778;ILE DE FRANCE;France;;;;;
;;;77000;FAVIERES;48.76306;2.77528;ILE DE FRANCE;France;;;;;
;;;77000;FAY LES NEMOURS;48.2325;2.68583;ILE DE FRANCE;France;;;;;
;;;77000;FERICY;48.45944;2.80139;ILE DE FRANCE;France;;;;;
;;;77000;FEROLLES ATTILLY;48.73222;2.62833;ILE DE FRANCE;France;;;;;
;;;77000;FERRIERES  EN BRIE;48.82306;2.70833;ILE DE FRANCE;France;;;;;
;;;77000;LA FERTE GAUCHER;48.7825;3.30528;ILE DE FRANCE;France;;;;;
;;;77000;LA FERTE SOUS JOUARRE;48.95028;3.1275;ILE DE FRANCE;France;;;;;
;;;77000;FLAGY;48.31167;2.92194;ILE DE FRANCE;France;;;;;
;;;77000;FLEURYEN BIERE;48.45111;2.54917;ILE DE FRANCE;France;;;;;
;;;77000;FONTAINE FOURCHES;48.41222;3.39556;ILE DE FRANCE;France;;;;;
;;;77000;FONTAINE LE PORT;48.48611;2.76389;ILE DE FRANCE;France;;;;;
;;;77000;FONTAINEBLEAU;48.40805;2.69944;ILE DE FRANCE;France;;;;;
;;;77000;FONTAINS;48.52583;3.00278;ILE DE FRANCE;France;;;;;
;;;77000;FONTENAILLES;48.55639;2.95556;ILE DE FRANCE;France;;;;;
;;;77000;FONTENAY TRESIGNY;48.7075;2.86417;ILE DE FRANCE;France;;;;;
;;;77000;FORFRY;49.05722;2.84889;ILE DE FRANCE;France;;;;;
;;;77000;FORGES;48.41833;2.96111;ILE DE FRANCE;France;;;;;
;;;77000;FOUJU;48.58556;2.77806;ILE DE FRANCE;France;;;;;
;;;77000;FRESNES SUR MARNE;48.9375;2.74111;ILE DE FRANCE;France;;;;;
;;;77000;FRETOY;48.70389;3.19889;ILE DE FRANCE;France;;;;;
;;;77000;FROMONT;48.25472;2.50278;ILE DE FRANCE;France;;;;;
;;;77000;FUBLAINES;48.9375;2.93639;ILE DE FRANCE;France;;;;;
;;;77000;GARENTREVILLE;48.23556;2.54917;ILE DE FRANCE;France;;;;;
;;;77000;GASTINS;48.62944;3.02167;ILE DE FRANCE;France;;;;;
;;;77000;LA GENEVRAYE;48.31972;2.74667;ILE DE FRANCE;France;;;;;
;;;77000;GERMIGNY L'EVEQUE;48.99194;2.94528;ILE DE FRANCE;France;;;;;
;;;77000;GERMIGNY SOUS COULOMBS;49.06361;3.15972;ILE DE FRANCE;France;;;;;
;;;77000;GESVRES LE CHAPITRE;49.04389;2.85222;ILE DE FRANCE;France;;;;;
;;;77000;GIREMOUTIERS;48.84306;3.03056;ILE DE FRANCE;France;;;;;
;;;77000;GIRONVILLE;48.18583;2.52861;ILE DE FRANCE;France;;;;;
;;;77000;GOUAIX;48.48444;3.29556;ILE DE FRANCE;France;;;;;
;;;77000;GOUVERNES;48.86056;2.69167;ILE DE FRANCE;France;;;;;
;;;77000;LA GRANDE PAROISSE;48.38694;2.89778;ILE DE FRANCE;France;;;;;
;;;77000;GRANDPUITS BAILLY CARROIS;48.585;2.96611;ILE DE FRANCE;France;;;;;
;;;77000;GRAVON;48.39833;3.12028;ILE DE FRANCE;France;;;;;
;;;77000;GRESSY;48.96556;2.67389;ILE DE FRANCE;France;;;;;
;;;77000;GRETZ ARMAINVILLIERS;48.74083;2.73222;ILE DE FRANCE;France;;;;;
;;;77000;GREZ SUR LOING;48.31694;2.69111;ILE DE FRANCE;France;;;;;
;;;77000;GRISY SUISNES;48.68528;2.66861;ILE DE FRANCE;France;;;;;
;;;77000;GRISY SUR SEINE;48.43889;3.32;ILE DE FRANCE;France;;;;;
;;;77000;GUERARD;48.82361;2.95917;ILE DE FRANCE;France;;;;;
;;;77000;GUERCHEVILLE;48.25917;2.55806;ILE DE FRANCE;France;;;;;
;;;77000;GUERMANTES;48.85472;2.70417;ILE DE FRANCE;France;;;;;
;;;77000;GUIGNES;48.63722;2.7975;ILE DE FRANCE;France;;;;;
;;;77000;GURCY LE CHATEL;48.47028;3.09194;ILE DE FRANCE;France;;;;;
;;;77000;LA HAUTE MAISON;48.88194;3.0025;ILE DE FRANCE;France;;;;;
;;;77000;HAUTEFEUILLE;48.76611;2.96833;ILE DE FRANCE;France;;;;;
;;;77000;HERICY;48.44667;2.7625;ILE DE FRANCE;France;;;;;
;;;77000;HERME;48.48167;3.34389;ILE DE FRANCE;France;;;;;
;;;77000;HONDEVILLIERS;48.89944;3.30917;ILE DE FRANCE;France;;;;;
;;;77000;LA HOUSSAYE  EN BRIE;48.75389;2.87417;ILE DE FRANCE;France;;;;;
;;;77000;ICHY;48.20167;2.54917;ILE DE FRANCE;France;;;;;
;;;77000;ISLES LES MELDEUSES;48.99833;3.00472;ILE DE FRANCE;France;;;;;
;;;77000;ISLES LES VILLENOY;48.91167;2.82833;ILE DE FRANCE;France;;;;;
;;;77000;IVERNY;48.99944;2.79;ILE DE FRANCE;France;;;;;
;;;77000;JABLINES;48.91694;2.76194;ILE DE FRANCE;France;;;;;
;;;77000;JAIGNES;48.99083;3.05361;ILE DE FRANCE;France;;;;;
;;;77000;JAULNES;48.41778;3.27361;ILE DE FRANCE;France;;;;;
;;;77000;JOSSIGNY;48.83805;2.75306;ILE DE FRANCE;France;;;;;
;;;77000;JOUARRE;48.9275;3.12889;ILE DE FRANCE;France;;;;;
;;;77000;JOUY LE CHATEL;48.66722;3.12972;ILE DE FRANCE;France;;;;;
;;;77000;JOUY SUR MORIN;48.79528;3.2725;ILE DE FRANCE;France;;;;;
;;;77000;JUILLY;49.0125;2.70694;ILE DE FRANCE;France;;;;;
;;;77000;JUTIGNY;48.49861;3.23333;ILE DE FRANCE;France;;;;;
;;;77000;LAGNY SUR MARNE;48.87278;2.70972;ILE DE FRANCE;France;;;;;
;;;77000;LARCHANT;48.28417;2.59611;ILE DE FRANCE;France;;;;;
;;;77000;LAVALEN BRIE;48.42389;2.99778;ILE DE FRANCE;France;;;;;
;;;77000;LECHELLE;48.57722;3.39111;ILE DE FRANCE;France;;;;;
;;;77000;LESCHEROLLES;48.76333;3.34611;ILE DE FRANCE;France;;;;;
;;;77000;LESCHES;48.9075;2.77917;ILE DE FRANCE;France;;;;;
;;;77000;LESIGNY;48.74417;2.61639;ILE DE FRANCE;France;;;;;
;;;77000;LEUDON  EN BRIE;48.73417;3.27139;ILE DE FRANCE;France;;;;;
;;;77000;LIEUSAINT;48.63139;2.5525;ILE DE FRANCE;France;;;;;
;;;77000;LIMOGES FOURCHES;48.62695;2.66556;ILE DE FRANCE;France;;;;;
;;;77000;LISSY;48.62695;2.69611;ILE DE FRANCE;France;;;;;
;;;77000;LIVERDYEN BRIE;48.70028;2.77611;ILE DE FRANCE;France;;;;;
;;;77000;LIVRY SUR SEINE;48.51222;2.68583;ILE DE FRANCE;France;;;;;
;;;77000;LIZINES;48.52639;3.17944;ILE DE FRANCE;France;;;;;
;;;77000;LIZY SUR OURCQ;49.02417;3.02222;ILE DE FRANCE;France;;;;;
;;;77000;LOGNES;48.83528;2.63;ILE DE FRANCE;France;;;;;
;;;77000;LONGPERRIER;49.05222;2.65944;ILE DE FRANCE;France;;;;;
;;;77000;LONGUEVILLE;48.51389;3.24639;ILE DE FRANCE;France;;;;;
;;;77000;LORREZ LE BOCAGE PREAUX;48.23639;2.90167;ILE DE FRANCE;France;;;;;
;;;77000;LOUAN VILLEGRUIS FONTAINE;48.62556;3.48;ILE DE FRANCE;France;;;;;
;;;77000;LUISETAINES;48.46722;3.18111;ILE DE FRANCE;France;;;;;
;;;77000;LUMIGNY NESLES ORMEAUX;48.7375;2.95278;ILE DE FRANCE;France;;;;;
;;;77000;LUZANCY;48.97222;3.1875;ILE DE FRANCE;France;;;;;
;;;77000;MACHAULT;48.45528;2.83028;ILE DE FRANCE;France;;;;;
;;;77000;LA MADELEINE SUR LOING;48.20333;2.70667;ILE DE FRANCE;France;;;;;
;;;77000;MAGNY LE HONGRE;48.86306;2.81333;ILE DE FRANCE;France;;;;;
;;;77000;MAINCY;48.55028;2.70111;ILE DE FRANCE;France;;;;;
;;;77000;MAISON ROUGE;48.55889;3.15056;ILE DE FRANCE;France;;;;;
;;;77000;MAISONCELLES  EN BRIE;48.86333;2.99222;ILE DE FRANCE;France;;;;;
;;;77000;MAISONCELLES  EN GATINAIS;48.18722;2.62556;ILE DE FRANCE;France;;;;;
;;;77000;MARCHEMORET;49.04972;2.77167;ILE DE FRANCE;France;;;;;
;;;77000;MARCILLY;49.03611;2.88194;ILE DE FRANCE;France;;;;;
;;;77000;LES MARETS;48.67083;3.31333;ILE DE FRANCE;France;;;;;
;;;77000;MAREUIL LES MEAUX;48.92583;2.86;ILE DE FRANCE;France;;;;;
;;;77000;MARLES  EN BRIE;48.72833;2.87944;ILE DE FRANCE;France;;;;;
;;;77000;MAROLLES  EN BRIE;48.77806;3.165;ILE DE FRANCE;France;;;;;
;;;77000;MAROLLES SUR SEINE;48.38528;3.03194;ILE DE FRANCE;France;;;;;
;;;77000;MARY SUR MARNE;49.01444;3.02944;ILE DE FRANCE;France;;;;;
;;;77000;MAUPERTHUIS;48.76861;3.03944;ILE DE FRANCE;France;;;;;
;;;77000;MAUREGARD;49.0325;2.58167;ILE DE FRANCE;France;;;;;
;;;77000;MAYEN MULTIEN;49.0725;3.02361;ILE DE FRANCE;France;;;;;
;;;77000;MEAUX;48.95889;2.88778;ILE DE FRANCE;France;;;;;
;;;77000;LE MEE SUR SEINE;48.53333;2.62889;ILE DE FRANCE;France;;;;;
;;;77000;MEIGNEUX;48.51167;3.10556;ILE DE FRANCE;France;;;;;
;;;77000;MEILLERAY;48.79028;3.42611;ILE DE FRANCE;France;;;;;
;;;77000;MELUN   ;48.54056;2.65722;ILE DE FRANCE;France;;;;;
;;;77000;MELZ SUR SEINE;48.49805;3.41806;ILE DE FRANCE;France;;;;;
;;;77000;MERY SUR MARNE;48.96639;3.19944;ILE DE FRANCE;France;;;;;
;;;77000;LE MESNIL AMELOT;49.01667;2.59472;ILE DE FRANCE;France;;;;;
;;;77000;MESSY;48.96695;2.7025;ILE DE FRANCE;France;;;;;
;;;77000;MISY SUR YONNE;48.36;3.09194;ILE DE FRANCE;France;;;;;
;;;77000;MITRY MORY;48.98333;2.61778;ILE DE FRANCE;France;;;;;
;;;77000;MOISENAY;48.56278;2.73611;ILE DE FRANCE;France;;;;;
;;;77000;MOISSY CRAMAYEL;48.62722;2.59444;ILE DE FRANCE;France;;;;;
;;;77000;MONDREVILLE;48.14194;2.61056;ILE DE FRANCE;France;;;;;
;;;77000;MONSEN MONTOIS;48.48889;3.14722;ILE DE FRANCE;France;;;;;
;;;77000;MONTCEAUX LES MEAUX;48.94278;2.98722;ILE DE FRANCE;France;;;;;
;;;77000;MONTCEAUX LES PROVINS;48.69417;3.43944;ILE DE FRANCE;France;;;;;
;;;77000;MONTCOURT FROMONVILLE;48.30472;2.70444;ILE DE FRANCE;France;;;;;
;;;77000;MONTDAUPHIN;48.85194;3.42833;ILE DE FRANCE;France;;;;;
;;;77000;MONTENILS;48.84389;3.4775;ILE DE FRANCE;France;;;;;
;;;77000;MONTEREAU FAULT YONNE;48.38528;2.95083;ILE DE FRANCE;France;;;;;
;;;77000;MONTEREAU SUR LE JARD;48.59167;2.66972;ILE DE FRANCE;France;;;;;
;;;77000;MONTEVRAIN;48.875;2.745;ILE DE FRANCE;France;;;;;
;;;77000;MONTGE  EN GOELE;49.02806;2.74833;ILE DE FRANCE;France;;;;;
;;;77000;MONTHYON;49.00694;2.82778;ILE DE FRANCE;France;;;;;
;;;77000;MONTIGNY LE GUESDIER;48.38333;3.25556;ILE DE FRANCE;France;;;;;
;;;77000;MONTIGNY LENCOUP;48.45278;3.06417;ILE DE FRANCE;France;;;;;
;;;77000;MONTIGNY SUR LOING;48.33361;2.745;ILE DE FRANCE;France;;;;;
;;;77000;MONTMACHOUX;48.31805;2.9925;ILE DE FRANCE;France;;;;;
;;;77000;MONTOLIVET;48.83;3.44028;ILE DE FRANCE;France;;;;;
;;;77000;MONTRY;48.88833;2.82722;ILE DE FRANCE;France;;;;;
;;;77000;MORET LOINGET ORVANNE;48.37139;2.81444;ILE DE FRANCE;France;;;;;
;;;77000;MORMANT;48.60806;2.89167;ILE DE FRANCE;France;;;;;
;;;77000;MORTCERF;48.79028;2.9175;ILE DE FRANCE;France;;;;;
;;;77000;MORTERY;48.59917;3.26111;ILE DE FRANCE;France;;;;;
;;;77000;MOUROUX;48.82222;3.03806;ILE DE FRANCE;France;;;;;
;;;77000;MOUSSEAUX LES BRAY;48.41083;3.22917;ILE DE FRANCE;France;;;;;
;;;77000;MOUSSY LE NEUF;49.06333;2.60444;ILE DE FRANCE;France;;;;;
;;;77000;MOUSSY LE VIEUX;49.045;2.62583;ILE DE FRANCE;France;;;;;
;;;77000;MOUY SUR SEINE;48.41972;3.24194;ILE DE FRANCE;France;;;;;
;;;77000;NANDY;48.58167;2.565;ILE DE FRANCE;France;;;;;
;;;77000;NANGIS;48.55944;3.01139;ILE DE FRANCE;France;;;;;
;;;77000;NANTEAU SURESSONNE;48.31583;2.41722;ILE DE FRANCE;France;;;;;
;;;77000;NANTEAU SUR LUNAIN;48.25611;2.81056;ILE DE FRANCE;France;;;;;
;;;77000;NANTEUIL LES MEAUX;48.9225;2.90667;ILE DE FRANCE;France;;;;;
;;;77000;NANTEUIL SUR MARNE;48.98139;3.21972;ILE DE FRANCE;France;;;;;
;;;77000;NANTOUILLET;49.00222;2.70417;ILE DE FRANCE;France;;;;;
;;;77000;NEMOURS;48.26972;2.69556;ILE DE FRANCE;France;;;;;
;;;77000;NEUFMOUTIERS  EN BRIE;48.7675;2.83111;ILE DE FRANCE;France;;;;;
;;;77000;NOISIEL;48.855;2.62806;ILE DE FRANCE;France;;;;;
;;;77000;NOISY RUDIGNON;48.33556;2.93083;ILE DE FRANCE;France;;;;;
;;;77000;NOISY SURECOLE;48.36722;2.50778;ILE DE FRANCE;France;;;;;
;;;77000;NONVILLE;48.28194;2.79333;ILE DE FRANCE;France;;;;;
;;;77000;NOYEN SUR SEINE;48.45167;3.35111;ILE DE FRANCE;France;;;;;
;;;77000;OBSONVILLE;48.21667;2.56111;ILE DE FRANCE;France;;;;;
;;;77000;OCQUERRE;49.0375;3.05944;ILE DE FRANCE;France;;;;;
;;;77000;OISSERY;49.06972;2.81889;ILE DE FRANCE;France;;;;;
;;;77000;ORLY SUR MORIN;48.90445;3.23028;ILE DE FRANCE;France;;;;;
;;;77000;LES ORMES SUR VOULZIE;48.46278;3.22861;ILE DE FRANCE;France;;;;;
;;;75000;PARIS  ;48.8534951;2.3483915;ILE DE FRANCE;France;;;;;
;;;77000;OTHIS;49.07556;2.67611;ILE DE FRANCE;France;;;;;
;;;77000;OZOIR LA FERRIERE;48.76167;2.67278;ILE DE FRANCE;France;;;;;
;;;77000;OZOUER LE VOULGIS;48.66028;2.77472;ILE DE FRANCE;France;;;;;
;;;77000;PALEY;48.24055;2.86139;ILE DE FRANCE;France;;;;;
;;;77000;PAMFOU;48.46222;2.87194;ILE DE FRANCE;France;;;;;
;;;77000;PAROY;48.47944;3.20083;ILE DE FRANCE;France;;;;;
;;;77000;PASSY SUR SEINE;48.425;3.34944;ILE DE FRANCE;France;;;;;
;;;77000;PECY;48.65667;3.07917;ILE DE FRANCE;France;;;;;
;;;77000;PENCHARD;48.98611;2.86056;ILE DE FRANCE;France;;;;;
;;;77000;PERTHES;48.47778;2.55361;ILE DE FRANCE;France;;;;;
;;;77000;PEZARCHES;48.7375;2.99306;ILE DE FRANCE;France;;;;;
;;;77000;PIERRE LEVEE;48.89972;3.03833;ILE DE FRANCE;France;;;;;
;;;77000;LE PIN;48.91444;2.62972;ILE DE FRANCE;France;;;;;
;;;77000;LE PLESSIS AUX BOIS;49.0025;2.76944;ILE DE FRANCE;France;;;;;
;;;77000;LE PLESSIS FEU AUSSOUX;48.71611;3.03444;ILE DE FRANCE;France;;;;;
;;;77000;LE PLESSIS L'EVEQUE;49.00722;2.78528;ILE DE FRANCE;France;;;;;
;;;77000;LE PLESSIS PLACY;49.05722;2.98944;ILE DE FRANCE;France;;;;;
;;;77000;POIGNY;48.53889;3.28333;ILE DE FRANCE;France;;;;;
;;;77000;POINCY;48.96972;2.93639;ILE DE FRANCE;France;;;;;
;;;77000;POLIGNY;48.22417;2.74583;ILE DE FRANCE;France;;;;;
;;;77000;POMMEUSE;48.81722;3.01722;ILE DE FRANCE;France;;;;;
;;;77000;POMPONNE;48.88083;2.67917;ILE DE FRANCE;France;;;;;
;;;77000;PONTAULT COMBAULT;48.80222;2.60694;ILE DE FRANCE;France;;;;;
;;;77000;PONTCARRE;48.8;2.70528;ILE DE FRANCE;France;;;;;
;;;77000;PRECY SUR MARNE;48.93083;2.77528;ILE DE FRANCE;France;;;;;
;;;77000;PRESLESEN BRIE;48.71583;2.74222;ILE DE FRANCE;France;;;;;
;;;77000;PRINGY;48.52194;2.55972;ILE DE FRANCE;France;;;;;
;;;77000;PROVINS;48.56194;3.30083;ILE DE FRANCE;France;;;;;
;;;77000;PUISIEUX;49.06583;2.91667;ILE DE FRANCE;France;;;;;
;;;77000;QUIERS;48.60611;2.97139;ILE DE FRANCE;France;;;;;
;;;77000;QUINCY VOISINS;48.89833;2.88333;ILE DE FRANCE;France;;;;;
;;;77000;RAMPILLON;48.54972;3.06583;ILE DE FRANCE;France;;;;;
;;;77000;REAU;48.61028;2.62444;ILE DE FRANCE;France;;;;;
;;;77000;REBAIS;48.8475;3.23278;ILE DE FRANCE;France;;;;;
;;;77000;RECLOSES;48.34639;2.64167;ILE DE FRANCE;France;;;;;
;;;77000;REMAUVILLE;48.21111;2.82556;ILE DE FRANCE;France;;;;;
;;;77000;REUIL  EN BRIE;48.96083;3.14667;ILE DE FRANCE;France;;;;;
;;;77000;LA ROCHETTE;48.52306;2.65972;ILE DE FRANCE;France;;;;;
;;;77000;ROISSY  EN BRIE;48.7903787;2.6545195;ILE DE FRANCE;France;;;;;
;;;77000;ROUILLY;48.59222;3.27806;ILE DE FRANCE;France;;;;;
;;;77000;ROUVRES;49.06167;2.71806;ILE DE FRANCE;France;;;;;
;;;77000;ROZAY  EN BRIE;48.68389;2.95917;ILE DE FRANCE;France;;;;;
;;;77000;RUBELLES;48.56111;2.68028;ILE DE FRANCE;France;;;;;
;;;77000;RUMONT;48.26556;2.49806;ILE DE FRANCE;France;;;;;
;;;77000;RUPEREUX;48.63639;3.32944;ILE DE FRANCE;France;;;;;
;;;77000;SAACY SUR MARNE;48.96167;3.20972;ILE DE FRANCE;France;;;;;
;;;77000;SABLONNIERES;48.87556;3.29639;ILE DE FRANCE;France;;;;;
;;;77000;SAINT AUGUSTIN;48.78528;3.03083;ILE DE FRANCE;France;;;;;
;;;77000;SAINT BARTHELEMY;48.81722;3.36139;ILE DE FRANCE;France;;;;;
;;;77000;SAINT BRICE;48.56778;3.32806;ILE DE FRANCE;France;;;;;
;;;77000;SAINT CYR SUR MORIN;48.90667;3.1825;ILE DE FRANCE;France;;;;;
;;;77000;SAINT DENIS LES REBAIS;48.83639;3.21083;ILE DE FRANCE;France;;;;;
;;;77000;SAINT FARGEAU PONTHIERRY;48.56528;2.53361;ILE DE FRANCE;France;;;;;
;;;77000;SAINT FIACRE;48.92278;2.95472;ILE DE FRANCE;France;;;;;
;;;77000;SAINT GERMAIN LAVAL;48.40111;2.99944;ILE DE FRANCE;France;;;;;
;;;77000;SAINT GERMAIN LAXIS;48.58417;2.71056;ILE DE FRANCE;France;;;;;
;;;77000;SAINT GERMAIN SOUS DOUE;48.85278;3.14444;ILE DE FRANCE;France;;;;;
;;;77000;SAINT GERMAIN SURECOLE;48.47556;2.50917;ILE DE FRANCE;France;;;;;
;;;77000;SAINT GERMAIN SUR MORIN;48.88222;2.85083;ILE DE FRANCE;France;;;;;
;;;77000;SAINT HILLIERS;48.62139;3.25889;ILE DE FRANCE;France;;;;;
;;;77000;SAINT JEAN LES DEUX JUMEAUX;48.95139;3.02;ILE DE FRANCE;France;;;;;
;;;77000;SAINT JUSTEN BRIE;48.59972;3.10472;ILE DE FRANCE;France;;;;;
;;;77000;SAINT LEGER;48.85306;3.27611;ILE DE FRANCE;France;;;;;
;;;77000;SAINT LOUP DE NAUD;48.53611;3.21083;ILE DE FRANCE;France;;;;;
;;;77000;SAINT MAMMES;48.38667;2.81139;ILE DE FRANCE;France;;;;;
;;;77000;SAINT MARD;49.03695;2.69639;ILE DE FRANCE;France;;;;;
;;;77000;SAINT MARS VIEUX MAISONS;48.7425;3.32111;ILE DE FRANCE;France;;;;;
;;;77000;SAINT MARTIN DES CHAMPS;48.77861;3.33667;ILE DE FRANCE;France;;;;;
;;;77000;SAINT MARTIN DU BOSCHET;48.73694;3.42806;ILE DE FRANCE;France;;;;;
;;;77000;SAINT MARTINEN BIERE;48.43806;2.56806;ILE DE FRANCE;France;;;;;
;;;77000;SAINT MERY;48.57778;2.8275;ILE DE FRANCE;France;;;;;
;;;77000;SAINT MESMES;48.98333;2.69417;ILE DE FRANCE;France;;;;;
;;;77000;SAINT OUENEN BRIE;48.5575;2.91833;ILE DE FRANCE;France;;;;;
;;;77000;SAINT OUEN SUR MORIN;48.90556;3.19222;ILE DE FRANCE;France;;;;;
;;;77000;SAINT PATHUS;49.06972;2.80028;ILE DE FRANCE;France;;;;;
;;;77000;SAINT PIERRE LES NEMOURS;48.26639;2.68028;ILE DE FRANCE;France;;;;;
;;;77000;SAINT REMY LA VANNE;48.79278;3.23333;ILE DE FRANCE;France;;;;;
;;;77000;SAINT SAUVEUR LES BRAY;48.43778;3.20889;ILE DE FRANCE;France;;;;;
;;;77000;SAINT SAUVEUR SURECOLE;48.49694;2.54944;ILE DE FRANCE;France;;;;;
;;;77000;SAINT SIMEON;48.79833;3.20333;ILE DE FRANCE;France;;;;;
;;;77000;SAINT SOUPPLETS;49.03889;2.80583;ILE DE FRANCE;France;;;;;
;;;77000;SAINT THIBAULT DES VIGNES;48.86917;2.68861;ILE DE FRANCE;France;;;;;
;;;77000;SAINTE AULDE;48.99528;3.19889;ILE DE FRANCE;France;;;;;
;;;77000;SAINTE COLOMBE;48.53639;3.26528;ILE DE FRANCE;France;;;;;
;;;77000;SALINS;48.42056;3.02194;ILE DE FRANCE;France;;;;;
;;;77000;SAMMERON;48.94722;3.08694;ILE DE FRANCE;France;;;;;
;;;77000;SAMOIS SUR SEINE;48.45222;2.75;ILE DE FRANCE;France;;;;;
;;;77000;SAMOREAU;48.42389;2.75139;ILE DE FRANCE;France;;;;;
;;;77000;SANCY;48.88556;2.95833;ILE DE FRANCE;France;;;;;
;;;77000;SANCY LES PROVINS;48.69639;3.39444;ILE DE FRANCE;France;;;;;
;;;77000;SAVIGNY LE TEMPLE;48.57611;2.58389;ILE DE FRANCE;France;;;;;
;;;77000;SAVINS;48.51111;3.20083;ILE DE FRANCE;France;;;;;
;;;77000;SEINE PORT;48.55778;2.54806;ILE DE FRANCE;France;;;;;
;;;77000;SEPT SORTS;48.9375;3.10389;ILE DE FRANCE;France;;;;;
;;;77000;SERRIS;48.84555;2.78778;ILE DE FRANCE;France;;;;;
;;;77000;SERVON;48.7175;2.58778;ILE DE FRANCE;France;;;;;
;;;77000;SIGNY SIGNETS;48.92722;3.06917;ILE DE FRANCE;France;;;;;
;;;77000;SIGY;48.47778;3.1825;ILE DE FRANCE;France;;;;;
;;;77000;SIVRY COURTRY;48.52861;2.75583;ILE DE FRANCE;France;;;;;
;;;77000;SOGNOLLESEN MONTOIS;48.51028;3.16861;ILE DE FRANCE;France;;;;;
;;;77000;SOIGNOLLES  EN BRIE;48.65306;2.69861;ILE DE FRANCE;France;;;;;
;;;77000;SOISY BOUY;48.51111;3.29556;ILE DE FRANCE;France;;;;;
;;;77000;SOLERS;48.65861;2.71806;ILE DE FRANCE;France;;;;;
;;;77000;SOUPPES SUR LOING;48.18583;2.73278;ILE DE FRANCE;France;;;;;
;;;77000;SOURDUN;48.53695;3.34833;ILE DE FRANCE;France;;;;;
;;;77000;TANCROU;49.00167;3.05083;ILE DE FRANCE;France;;;;;
;;;77000;THENISY;48.48889;3.17806;ILE DE FRANCE;France;;;;;
;;;77000;THIEUX;49.00972;2.66806;ILE DE FRANCE;France;;;;;
;;;77000;THOMERY;48.40944;2.78667;ILE DE FRANCE;France;;;;;
;;;77000;THORIGNY SUR MARNE;48.88556;2.71667;ILE DE FRANCE;France;;;;;
;;;77000;THOURY FEROTTES;48.29056;2.94333;ILE DE FRANCE;France;;;;;
;;;77000;TIGEAUX;48.8275;2.90111;ILE DE FRANCE;France;;;;;
;;;77000;LA TOMBE;48.38778;3.09083;ILE DE FRANCE;France;;;;;
;;;77000;TORCY;48.85111;2.65;ILE DE FRANCE;France;;;;;
;;;77000;TOUQUIN;48.73583;3.0125;ILE DE FRANCE;France;;;;;
;;;77000;TOURNAN  EN BRIE;48.73944;2.7675;ILE DE FRANCE;France;;;;;
;;;77000;TOUSSON;48.34667;2.45806;ILE DE FRANCE;France;;;;;
;;;77000;LA TRETOIRE;48.87361;3.25194;ILE DE FRANCE;France;;;;;
;;;77000;TREUZY LEVELAY;48.27694;2.80278;ILE DE FRANCE;France;;;;;
;;;77000;TRILBARDOU;48.94194;2.80556;ILE DE FRANCE;France;;;;;
;;;77000;TRILPORT;48.9575;2.94833;ILE DE FRANCE;France;;;;;
;;;77000;TROCYEN MULTIEN;49.04222;2.96278;ILE DE FRANCE;France;;;;;
;;;77000;URY;48.34139;2.60194;ILE DE FRANCE;France;;;;;
;;;77000;USSY SUR MARNE;48.955;3.07167;ILE DE FRANCE;France;;;;;
;;;77000;VAIRES SUR MARNE;48.87056;2.64167;ILE DE FRANCE;France;;;;;
;;;77000;VALENCE  EN BRIE;48.44417;2.89083;ILE DE FRANCE;France;;;;;
;;;77000;VANVILLE;48.55556;3.10806;ILE DE FRANCE;France;;;;;
;;;77000;VARENNES SUR SEINE;48.375;2.92667;ILE DE FRANCE;France;;;;;
;;;77000;VARREDDES;49.00167;2.92972;ILE DE FRANCE;France;;;;;
;;;77000;VAUCOURTOIS;48.89639;2.95306;ILE DE FRANCE;France;;;;;
;;;77000;LE VAUDOUE;48.35611;2.52028;ILE DE FRANCE;France;;;;;
;;;77000;VAUDOY  EN BRIE;48.68833;3.08139;ILE DE FRANCE;France;;;;;
;;;77000;VAUX LE PENIL;48.5255542;2.6831642;ILE DE FRANCE;France;;;;;
;;;77000;VAUX SUR LUNAIN;48.22583;2.93806;ILE DE FRANCE;France;;;;;
;;;77000;VENDREST;49.04556;3.095;ILE DE FRANCE;France;;;;;
;;;77000;VERDELOT;48.87556;3.36806;ILE DE FRANCE;France;;;;;
;;;77000;VERNEUIL L'ETANG;48.64444;2.83278;ILE DE FRANCE;France;;;;;
;;;77000;VERNOU LA CELLE SUR SEINE;48.38917;2.84889;ILE DE FRANCE;France;;;;;
;;;77000;VERT SAINT DENIS;48.565;2.61472;ILE DE FRANCE;France;;;;;
;;;77000;VIEUX CHAMPAGNE;48.58111;3.13944;ILE DE FRANCE;France;;;;;
;;;77000;VIGNELY;48.93139;2.80861;ILE DE FRANCE;France;;;;;
;;;77000;VILLE SAINT JACQUES;48.3425;2.9;ILE DE FRANCE;France;;;;;
;;;77000;VILLEBEON;48.20694;2.94139;ILE DE FRANCE;France;;;;;
;;;77000;VILLECERF;48.32833;2.8475;ILE DE FRANCE;France;;;;;
;;;77000;VILLEMARECHAL;48.26667;2.86806;ILE DE FRANCE;France;;;;;
;;;77000;VILLEMAREUIL;48.92111;2.97333;ILE DE FRANCE;France;;;;;
;;;77000;VILLEMER;48.30028;2.82528;ILE DE FRANCE;France;;;;;
;;;77000;VILLENAUXE LA PETITE;48.40639;3.31139;ILE DE FRANCE;France;;;;;
;;;77000;VILLENEUVE LE COMTE;48.81417;2.83028;ILE DE FRANCE;France;;;;;
;;;77000;VILLENEUVE LES BORDES;48.48639;3.04333;ILE DE FRANCE;France;;;;;
;;;77000;VILLENEUVE SAINT DENIS;48.81528;2.79417;ILE DE FRANCE;France;;;;;
;;;77000;VILLENEUVE SOUS DAMMARTIN;49.03333;2.64;ILE DE FRANCE;France;;;;;
;;;77000;VILLENEUVE SUR BELLOT;48.86389;3.34306;ILE DE FRANCE;France;;;;;
;;;77000;VILLENOY;48.94333;2.86361;ILE DE FRANCE;France;;;;;
;;;77000;VILLEPARISIS;48.94583;2.60944;ILE DE FRANCE;France;;;;;
;;;77000;VILLEROY;48.98222;2.78222;ILE DE FRANCE;France;;;;;
;;;77000;VILLEVAUDE;48.91639;2.65361;ILE DE FRANCE;France;;;;;
;;;77000;VILLIERS  EN BIERE;48.49528;2.59861;ILE DE FRANCE;France;;;;;
;;;77000;VILLIERS SAINT GEORGES;48.65083;3.40583;ILE DE FRANCE;France;;;;;
;;;77000;VILLIERS SOUS GREZ;48.32028;2.6475;ILE DE FRANCE;France;;;;;
;;;77000;VILLIERS SUR MORIN;48.86111;2.88167;ILE DE FRANCE;France;;;;;
;;;77000;VILLIERS SUR SEINE;48.455;3.37611;ILE DE FRANCE;France;;;;;
;;;77000;VILLUIS;48.41083;3.35556;ILE DE FRANCE;France;;;;;
;;;77000;VIMPELLES;48.43972;3.16583;ILE DE FRANCE;France;;;;;
;;;77000;VINANTES;49.00917;2.73611;ILE DE FRANCE;France;;;;;
;;;77000;VINCY MANŒUVRE;49.07833;2.96417;ILE DE FRANCE;France;;;;;
;;;77000;VOINSLES;48.69167;3.00528;ILE DE FRANCE;France;;;;;
;;;77000;VOISENON;48.57139;2.665;ILE DE FRANCE;France;;;;;
;;;77000;VOULANGIS;48.85139;2.89917;ILE DE FRANCE;France;;;;;
;;;77000;VOULTON;48.61833;3.33417;ILE DE FRANCE;France;;;;;
;;;77000;VOULX;48.28083;2.96972;ILE DE FRANCE;France;;;;;
;;;77000;VULAINES LES PROVINS;48.55972;3.21889;ILE DE FRANCE;France;;;;;
;;;77000;VULAINES SUR SEINE;48.43195;2.76361;ILE DE FRANCE;France;;;;;
;;;77000;YEBLES;48.63806;2.77167;ILE DE FRANCE;France;;;;;
;;;78000;ABLIS;48.51667;1.83417;ILE DE FRANCE;France;;;;;
;;;78000;ACHERES;48.9606321;2.0698106;ILE DE FRANCE;France;;;;;
;;;78000;ADAINVILLE;48.72278;1.65306;ILE DE FRANCE;France;;;;;
;;;78000;AIGREMONT;48.90194;2.01917;ILE DE FRANCE;France;;;;;
;;;78000;ALLAINVILLE;48.45611;1.89694;ILE DE FRANCE;France;;;;;
;;;78000;LES ALLUETS LE ROI;48.91389;1.91972;ILE DE FRANCE;France;;;;;
;;;78000;ANDELU;48.88;1.825;ILE DE FRANCE;France;;;;;
;;;78000;ANDRESY;48.98222;2.05889;ILE DE FRANCE;France;;;;;
;;;78000;ARNOUVILLE LES MANTES;48.91111;1.73361;ILE DE FRANCE;France;;;;;
;;;78000;AUBERGENVILLE;48.95972;1.85528;ILE DE FRANCE;France;;;;;
;;;78000;AUFFARGIS;48.70222;1.88694;ILE DE FRANCE;France;;;;;
;;;78000;AUFFREVILLE BRASSEUIL;48.95611;1.71139;ILE DE FRANCE;France;;;;;
;;;78000;AULNAY SUR MAULDRE;48.93083;1.84083;ILE DE FRANCE;France;;;;;
;;;78000;AUTEUIL;48.84167;1.81861;ILE DE FRANCE;France;;;;;
;;;78000;AUTOUILLET;48.84972;1.80444;ILE DE FRANCE;France;;;;;
;;;78000;BAILLY;48.84278;2.08111;ILE DE FRANCE;France;;;;;
;;;78000;BAZAINVILLE;48.80333;1.67111;ILE DE FRANCE;France;;;;;
;;;78000;BAZEMONT;48.92889;1.86528;ILE DE FRANCE;France;;;;;
;;;78000;BAZOCHES SUR GUYONNE;48.77889;1.86056;ILE DE FRANCE;France;;;;;
;;;78000;BEHOUST;48.83028;1.72278;ILE DE FRANCE;France;;;;;
;;;78000;BENNECOURT;49.04;1.56583;ILE DE FRANCE;France;;;;;
;;;78000;BEYNES;48.85695;1.87333;ILE DE FRANCE;France;;;;;
;;;78000;BLARU;49.04778;1.47972;ILE DE FRANCE;France;;;;;
;;;78000;BOINVILLE  EN MANTOIS;48.93;1.75722;ILE DE FRANCE;France;;;;;
;;;78000;BOINVILLE LE GAILLARD;48.49361;1.87167;ILE DE FRANCE;France;;;;;
;;;78000;BOINVILLIERS;48.91806;1.66222;ILE DE FRANCE;France;;;;;
;;;78000;BOIS D'ARCY;48.80333;2.04;ILE DE FRANCE;France;;;;;
;;;78000;BOISSETS;48.86083;1.58472;ILE DE FRANCE;France;;;;;
;;;78000;LA BOISSIEREECOLE;48.68278;1.64528;ILE DE FRANCE;France;;;;;
;;;78000;BOISSY MAUVOISIN;48.96222;1.58;ILE DE FRANCE;France;;;;;
;;;78000;BOISSY SANS AVOIR;48.82028;1.79444;ILE DE FRANCE;France;;;;;
;;;78000;BONNELLES;48.6175;2.03028;ILE DE FRANCE;France;;;;;
;;;94000;BONNEUIL SUR MARNE;48.7742;2.4792;ILE DE FRANCE;France;;;;;
;;;78000;BOUAFLE;48.96556;1.89694;ILE DE FRANCE;France;;;;;
;;;78000;BOUGIVAL;48.86528;2.14389;ILE DE FRANCE;France;;;;;
;;;78000;BOURDONNE;48.75583;1.66444;ILE DE FRANCE;France;;;;;
;;;78000;BREUIL BOIS ROBERT;48.94528;1.71722;ILE DE FRANCE;France;;;;;
;;;78000;BREVAL;48.94444;1.53417;ILE DE FRANCE;France;;;;;
;;;78000;LES BREVIAIRES;48.7075;1.81306;ILE DE FRANCE;France;;;;;
;;;78000;BRUEILEN VEXIN;49.02972;1.81889;ILE DE FRANCE;France;;;;;
;;;78000;BUC;48.77361;2.1275;ILE DE FRANCE;France;;;;;
;;;78000;BUCHELAY;48.98028;1.67139;ILE DE FRANCE;France;;;;;
;;;78000;BULLION;48.62194;1.99667;ILE DE FRANCE;France;;;;;
;;;78000;CARRIERES SOUS POISSY;48.9437694;2.0341747;ILE DE FRANCE;France;;;;;
;;;78000;CARRIERES SUR SEINE;48.91472;2.18639;ILE DE FRANCE;France;;;;;
;;;78000;LA CELLE LES BORDES;48.63528;1.95472;ILE DE FRANCE;France;;;;;
;;;78000;LA CELLE SAINT CLOUD;48.84111;2.13444;ILE DE FRANCE;France;;;;;
;;;78000;CERNAY LA VILLE;48.67417;1.97472;ILE DE FRANCE;France;;;;;
;;;78000;CHAMBOURCY;48.90528;2.04056;ILE DE FRANCE;France;;;;;
;;;78000;CHANTELOUP LES VIGNES;48.97861;2.03083;ILE DE FRANCE;France;;;;;
;;;78000;CHAPET;48.96889;1.9325;ILE DE FRANCE;France;;;;;
;;;78000;CHATEAUFORT;48.7375;2.0925;ILE DE FRANCE;France;;;;;
;;;78000;CHATOU;48.89611;2.15167;ILE DE FRANCE;France;;;;;
;;;78000;CHAUFOUR LES BONNIERES;49.0175;1.48361;ILE DE FRANCE;France;;;;;
;;;78000;CHAVENAY;48.85389;1.9875;ILE DE FRANCE;France;;;;;
;;;78000;CHEVREUSE;48.70667;2.04;ILE DE FRANCE;France;;;;;
;;;78000;CHOISEL;48.68722;2.01917;ILE DE FRANCE;France;;;;;
;;;78000;CIVRY LA FORET;48.86889;1.61972;ILE DE FRANCE;France;;;;;
;;;78000;CLAIREFONTAINE  EN YVELINES;48.61333;1.90917;ILE DE FRANCE;France;;;;;
;;;78000;LES CLAYES SOUS BOIS;48.8214478;1.9871825;ILE DE FRANCE;France;;;;;
;;;78000;COIGNIERES;48.7671468;1.9193679;ILE DE FRANCE;France;;;;;
;;;78000;CONDE SUR VESGRE;48.74194;1.66083;ILE DE FRANCE;France;;;;;
;;;78000;CONFLANS SAINTE HONORINE;48.99917;2.09833;ILE DE FRANCE;France;;;;;
;;;78000;COURGENT;48.895;1.65944;ILE DE FRANCE;France;;;;;
;;;78000;CRAVENT;48.99139;1.49028;ILE DE FRANCE;France;;;;;
;;;78000;CRESPIERES;48.88361;1.92278;ILE DE FRANCE;France;;;;;
;;;78000;CROISSY SUR SEINE;48.88306;2.1425;ILE DE FRANCE;France;;;;;
;;;78000;DAMMARTINEN SERVE;48.90278;1.62028;ILE DE FRANCE;France;;;;;
;;;78000;DAMPIERREEN YVELINES;48.70667;1.9875;ILE DE FRANCE;France;;;;;
;;;78000;DANNEMARIE;48.7625;1.60833;ILE DE FRANCE;France;;;;;
;;;78000;DAVRON;48.86611;1.94611;ILE DE FRANCE;France;;;;;
;;;78000;DROCOURT;49.05639;1.7675;ILE DE FRANCE;France;;;;;
;;;78000;ECQUEVILLY;48.94944;1.92333;ILE DE FRANCE;France;;;;;
;;;78000;ELANCOURT;48.78417;1.95944;ILE DE FRANCE;France;;;;;
;;;78000;EMANCE;48.59028;1.73028;ILE DE FRANCE;France;;;;;
;;;78000;EPONE;48.95639;1.815;ILE DE FRANCE;France;;;;;
;;;78000;LESESSARTS LE ROI;48.71667;1.89361;ILE DE FRANCE;France;;;;;
;;;78000;L'ETANG LA VILLE;48.87056;2.07333;ILE DE FRANCE;France;;;;;
;;;78000;EVECQUEMONT;49.01306;1.94611;ILE DE FRANCE;France;;;;;
;;;78000;LA FALAISE;48.94389;1.83194;ILE DE FRANCE;France;;;;;
;;;78000;FAVRIEUX;48.94417;1.64361;ILE DE FRANCE;France;;;;;
;;;78000;FEUCHEROLLES;48.87305;1.97361;ILE DE FRANCE;France;;;;;
;;;78000;FLACOURT;48.92805;1.6475;ILE DE FRANCE;France;;;;;
;;;78000;FLEXANVILLE;48.85389;1.73694;ILE DE FRANCE;France;;;;;
;;;78000;FLINS NEUVEEGLISE;48.89167;1.57972;ILE DE FRANCE;France;;;;;
;;;78000;FLINS SUR SEINE;48.96417;1.87306;ILE DE FRANCE;France;;;;;
;;;78000;FOLLAINVILLE DENNEMONT;49.02111;1.71528;ILE DE FRANCE;France;;;;;
;;;78000;FONTENAY LE FLEURY;48.81528;2.05;ILE DE FRANCE;France;;;;;
;;;78000;FONTENAY MAUVOISIN;48.96417;1.65167;ILE DE FRANCE;France;;;;;
;;;78000;FONTENAY SAINT PERE;49.02639;1.75333;ILE DE FRANCE;France;;;;;
;;;78000;FRENEUSE;49.04806;1.6025;ILE DE FRANCE;France;;;;;
;;;78000;GAILLON SUR MONTCIENT;49.02583;1.89333;ILE DE FRANCE;France;;;;;
;;;78000;GALLUIS;48.79611;1.79444;ILE DE FRANCE;France;;;;;
;;;78000;GAMBAIS;48.77361;1.67417;ILE DE FRANCE;France;;;;;
;;;78000;GAMBAISEUIL;48.75667;1.7325;ILE DE FRANCE;France;;;;;
;;;78000;GARANCIERES;48.82167;1.75861;ILE DE FRANCE;France;;;;;
;;;78000;GARGENVILLE;48.99083;1.81;ILE DE FRANCE;France;;;;;
;;;78000;GAZERAN;48.63833;1.77389;ILE DE FRANCE;France;;;;;
;;;78000;GOMMECOURT;49.07528;1.59556;ILE DE FRANCE;France;;;;;
;;;78000;GOUPILLIERES;48.87917;1.76167;ILE DE FRANCE;France;;;;;
;;;78000;GOUSSONVILLE;48.91917;1.76639;ILE DE FRANCE;France;;;;;
;;;78000;GRANDCHAMP;48.71889;1.62139;ILE DE FRANCE;France;;;;;
;;;78000;GRESSEY;48.83417;1.60944;ILE DE FRANCE;France;;;;;
;;;78000;GROSROUVRE;48.78305;1.76083;ILE DE FRANCE;France;;;;;
;;;78000;GUERNES;49.01056;1.63778;ILE DE FRANCE;France;;;;;
;;;78000;GUERVILLE;48.94389;1.73417;ILE DE FRANCE;France;;;;;
;;;78000;GUITRANCOURT;49.00778;1.77806;ILE DE FRANCE;France;;;;;
;;;78000;GUYANCOURT;48.77194;2.07167;ILE DE FRANCE;France;;;;;
;;;78000;HARDRICOURT;49.00694;1.89611;ILE DE FRANCE;France;;;;;
;;;78000;HARGEVILLE;48.89028;1.74528;ILE DE FRANCE;France;;;;;
;;;78000;LA HAUTEVILLE;48.70417;1.61833;ILE DE FRANCE;France;;;;;
;;;78000;HERBEVILLE;48.90556;1.8875;ILE DE FRANCE;France;;;;;
;;;78000;HERMERAY;48.63778;1.67556;ILE DE FRANCE;France;;;;;
;;;78000;HOUDAN;48.79028;1.60111;ILE DE FRANCE;France;;;;;
;;;78000;HOUILLES;48.92722;2.17833;ILE DE FRANCE;France;;;;;
;;;78000;ISSOU;48.98917;1.79333;ILE DE FRANCE;France;;;;;
;;;78000;JAMBVILLE;49.04639;1.85444;ILE DE FRANCE;France;;;;;
;;;78000;JOUARS PONTCHARTRAIN;48.80222;1.90222;ILE DE FRANCE;France;;;;;
;;;78000;JOUYEN JOSAS;48.77028;2.1675;ILE DE FRANCE;France;;;;;
;;;78000;JOUY MAUVOISIN;48.97111;1.64694;ILE DE FRANCE;France;;;;;
;;;78000;JUMEAUVILLE;48.91167;1.78833;ILE DE FRANCE;France;;;;;
;;;78000;JUZIERS;48.99445;1.84528;ILE DE FRANCE;France;;;;;
;;;78000;LAINVILLEEN VEXIN;49.05889;1.81861;ILE DE FRANCE;France;;;;;
;;;78000;LE CHESNAY ROCQUENCOURT;48.83055;2.12167;ILE DE FRANCE;France;;;;;
;;;78000;LEVIS SAINT NOM;48.72445;1.95472;ILE DE FRANCE;France;;;;;
;;;78000;LIMAY;48.99667;1.73222;ILE DE FRANCE;France;;;;;
;;;78000;LIMETZ VILLEZ;49.06139;1.55028;ILE DE FRANCE;France;;;;;
;;;78000;LES LOGESEN JOSAS;48.76556;2.14167;ILE DE FRANCE;France;;;;;
;;;78000;LOMMOYE;48.99445;1.51444;ILE DE FRANCE;France;;;;;
;;;78000;LONGNES;48.92139;1.58833;ILE DE FRANCE;France;;;;;
;;;78000;LONGVILLIERS;48.57861;1.99194;ILE DE FRANCE;France;;;;;
;;;78000;LOUVECIENNES;48.86306;2.11417;ILE DE FRANCE;France;;;;;
;;;78000;MAGNANVILLE;48.96722;1.68417;ILE DE FRANCE;France;;;;;
;;;78000;MAGNY LES HAMEAUX;48.74389;2.06083;ILE DE FRANCE;France;;;;;
;;;78000;MAISONS LAFFITTE;48.94806;2.14139;ILE DE FRANCE;France;;;;;
;;;78000;MANTES LA JOLIE;48.99361;1.71111;ILE DE FRANCE;France;;;;;
;;;78000;MANTES LA VILLE;48.97333;1.71;ILE DE FRANCE;France;;;;;
;;;78000;MARCQ;48.8625;1.81694;ILE DE FRANCE;France;;;;;
;;;78000;MAREIL LE GUYON;48.79083;1.85361;ILE DE FRANCE;France;;;;;
;;;78000;MAREIL MARLY;48.88278;2.07611;ILE DE FRANCE;France;;;;;
;;;78000;MAREIL SUR MAULDRE;48.89278;1.86333;ILE DE FRANCE;France;;;;;
;;;78000;MARLY LE ROI;48.86806;2.09167;ILE DE FRANCE;France;;;;;
;;;78000;MAULE;48.90861;1.85111;ILE DE FRANCE;France;;;;;
;;;78000;MAULETTE;48.7925;1.62222;ILE DE FRANCE;France;;;;;
;;;78000;MAURECOURT;48.99778;2.06333;ILE DE FRANCE;France;;;;;
;;;78000;MAUREPAS;48.76778;1.92056;ILE DE FRANCE;France;;;;;
;;;78000;MEDAN;48.95389;1.99417;ILE DE FRANCE;France;;;;;
;;;78000;MENERVILLE;48.95389;1.60417;ILE DE FRANCE;France;;;;;
;;;78000;MERE;48.78917;1.81972;ILE DE FRANCE;France;;;;;
;;;78000;MERICOURT;49.03695;1.62889;ILE DE FRANCE;France;;;;;
;;;78000;LE MESNIL LE ROI;48.94194;2.13278;ILE DE FRANCE;France;;;;;
;;;78000;LE MESNIL SAINT DENIS;48.74389;1.96278;ILE DE FRANCE;France;;;;;
;;;78000;LES MESNULS;48.75889;1.83806;ILE DE FRANCE;France;;;;;
;;;78000;MEULANEN YVELINES;49.00583;1.91139;ILE DE FRANCE;France;;;;;
;;;78000;MEZIERES SUR SEINE;48.95972;1.79333;ILE DE FRANCE;France;;;;;
;;;78000;MEZY SUR SEINE;49.00222;1.88167;ILE DE FRANCE;France;;;;;
;;;78000;MILLEMONT;48.80972;1.74639;ILE DE FRANCE;France;;;;;
;;;78000;MILON LA CHAPELLE;48.72778;2.05167;ILE DE FRANCE;France;;;;;
;;;78000;MITTAINVILLE;48.67083;1.645;ILE DE FRANCE;France;;;;;
;;;78000;MOISSON;49.07306;1.66944;ILE DE FRANCE;France;;;;;
;;;78000;MONDREVILLE;48.90361;1.55361;ILE DE FRANCE;France;;;;;
;;;78000;MONTAINVILLE;48.88278;1.86389;ILE DE FRANCE;France;;;;;
;;;78000;MONTALET LE BOIS;49.04528;1.82722;ILE DE FRANCE;France;;;;;
;;;78000;MONTCHAUVET;48.89278;1.63139;ILE DE FRANCE;France;;;;;
;;;78000;MONTESSON;48.93;2.13944;ILE DE FRANCE;France;;;;;
;;;78000;MONTFORT L'AMAURY;48.77722;1.80917;ILE DE FRANCE;France;;;;;
;;;78000;MONTIGNY LE BRETONNEUX;48.77167;2.02806;ILE DE FRANCE;France;;;;;
;;;78000;MORAINVILLIERS;48.92889;1.93778;ILE DE FRANCE;France;;;;;
;;;78000;MOUSSEAUX SUR SEINE;49.04333;1.65139;ILE DE FRANCE;France;;;;;
;;;78000;MULCENT;48.87917;1.65278;ILE DE FRANCE;France;;;;;
;;;78000;LES MUREAUX;48.9875;1.91722;ILE DE FRANCE;France;;;;;
;;;78000;NEAUPHLE LE CHATEAU;48.815;1.90167;ILE DE FRANCE;France;;;;;
;;;78000;NEAUPHLE LE VIEUX;48.81611;1.86361;ILE DE FRANCE;France;;;;;
;;;78000;NEAUPHLETTE;48.93278;1.52417;ILE DE FRANCE;France;;;;;
;;;78000;NEZEL;48.94361;1.83667;ILE DE FRANCE;France;;;;;
;;;78000;NOISY LE ROI;48.84555;2.06444;ILE DE FRANCE;France;;;;;
;;;78000;NOTRE DAME DE LA MER;49.035;1.54639;ILE DE FRANCE;France;;;;;
;;;78000;OINVILLE SUR MONTCIENT;49.02778;1.85056;ILE DE FRANCE;France;;;;;
;;;78000;ORCEMONT;48.58667;1.81222;ILE DE FRANCE;France;;;;;
;;;78000;ORGERUS;48.83972;1.70111;ILE DE FRANCE;France;;;;;
;;;78000;ORGEVAL;48.92139;1.97556;ILE DE FRANCE;France;;;;;
;;;78000;ORPHIN;48.57806;1.7825;ILE DE FRANCE;France;;;;;
;;;78000;ORSONVILLE;48.47778;1.83583;ILE DE FRANCE;France;;;;;
;;;78000;ORVILLIERS;48.85833;1.645;ILE DE FRANCE;France;;;;;
;;;78000;OSMOY;48.86306;1.7175;ILE DE FRANCE;France;;;;;
;;;78000;PARAY DOUAVILLE;48.46472;1.87806;ILE DE FRANCE;France;;;;;
;;;78000;LE PECQ;48.89417;2.11556;ILE DE FRANCE;France;;;;;
;;;78000;PERDREAUVILLE;48.96611;1.6275;ILE DE FRANCE;France;;;;;
;;;78000;LE PERRAYEN YVELINES;48.695;1.85472;ILE DE FRANCE;France;;;;;
;;;78000;PLAISIR;48.81667;1.94778;ILE DE FRANCE;France;;;;;
;;;78000;POIGNY LA FORET;48.67528;1.75444;ILE DE FRANCE;France;;;;;
;;;78000;POISSY;48.93139;2.04972;ILE DE FRANCE;France;;;;;
;;;78000;PONTHEVRARD;48.55139;1.91278;ILE DE FRANCE;France;;;;;
;;;78000;PORCHEVILLE;48.97055;1.78;ILE DE FRANCE;France;;;;;
;;;78000;LE PORT MARLY;48.87861;2.10889;ILE DE FRANCE;France;;;;;
;;;78000;PRUNAYEN YVELINES;48.5275;1.79611;ILE DE FRANCE;France;;;;;
;;;78000;PRUNAY LE TEMPLE;48.86222;1.67361;ILE DE FRANCE;France;;;;;
;;;78000;LA QUEUE LES YVELINES;48.80639;1.7675;ILE DE FRANCE;France;;;;;
;;;78000;RAIZEUX;48.62361;1.68417;ILE DE FRANCE;France;;;;;
;;;78000;RAMBOUILLET;48.6452851;1.819207;ILE DE FRANCE;France;;;;;
;;;78000;RENNEMOULIN;48.83556;2.04472;ILE DE FRANCE;France;;;;;
;;;78000;RICHEBOURG;48.82389;1.63917;ILE DE FRANCE;France;;;;;
;;;78000;ROCHEFORTEN YVELINES;48.58528;1.98944;ILE DE FRANCE;France;;;;;
;;;78000;ROLLEBOISE;49.01861;1.60917;ILE DE FRANCE;France;;;;;
;;;78000;ROSAY;48.91667;1.67833;ILE DE FRANCE;France;;;;;
;;;78000;ROSNY SUR SEINE;48.99944;1.63;ILE DE FRANCE;France;;;;;
;;;78000;SAILLY;49.04;1.80222;ILE DE FRANCE;France;;;;;
;;;78000;SAINT ARNOULTEN YVELINES;48.5725;1.94056;ILE DE FRANCE;France;;;;;
;;;78000;SAINT CYR L'ECOLE;48.80167;2.06278;ILE DE FRANCE;France;;;;;
;;;78000;SAINT FORGET;48.70444;2.01194;ILE DE FRANCE;France;;;;;
;;;78000;SAINT GERMAIN DE LA GRANGE;48.83528;1.89917;ILE DE FRANCE;France;;;;;
;;;78000;SAINT GERMAINEN LAYE;48.89528;2.08917;ILE DE FRANCE;France;;;;;
;;;78000;SAINT HILARION;48.62083;1.73361;ILE DE FRANCE;France;;;;;
;;;78000;SAINT ILLIERS LA VILLE;48.97639;1.54028;ILE DE FRANCE;France;;;;;
;;;78000;SAINT ILLIERS LE BOIS;48.95944;1.50806;ILE DE FRANCE;France;;;;;
;;;78000;SAINT LAMBERT;48.73278;2.02083;ILE DE FRANCE;France;;;;;
;;;78000;SAINT LEGEREN YVELINES;48.72083;1.76694;ILE DE FRANCE;France;;;;;
;;;78000;SAINT MARTIN DE BRETHENCOURT;48.50917;1.93;ILE DE FRANCE;France;;;;;
;;;78000;SAINT MARTIN DES CHAMPS;48.88139;1.71889;ILE DE FRANCE;France;;;;;
;;;78000;SAINT MARTIN LA GARENNE;49.04083;1.69056;ILE DE FRANCE;France;;;;;
;;;78000;SAINT NOM LA BRETECHE;48.8575;2.01861;ILE DE FRANCE;France;;;;;
;;;78000;SAINT REMY L'HONORE;48.75694;1.88222;ILE DE FRANCE;France;;;;;
;;;78000;SAINT REMY LES CHEVREUSE;48.70972;2.06861;ILE DE FRANCE;France;;;;;
;;;78000;SAINTE MESME;48.53167;1.96222;ILE DE FRANCE;France;;;;;
;;;78000;SARTROUVILLE;48.93722;2.16444;ILE DE FRANCE;France;;;;;
;;;78000;SAULX MARCHAIS;48.84167;1.83556;ILE DE FRANCE;France;;;;;
;;;78000;SENLISSE;48.68917;1.98389;ILE DE FRANCE;France;;;;;
;;;78000;SEPTEUIL;48.89417;1.68167;ILE DE FRANCE;France;;;;;
;;;78000;SOINDRES;48.9575;1.67444;ILE DE FRANCE;France;;;;;
;;;78000;SONCHAMP;48.57583;1.8775;ILE DE FRANCE;France;;;;;
;;;78000;COIGNIERES;48.7671468;1.9193679;ILE DE FRANCE;France;;;;;
;;;78000;LE TARTRE GAUDRAN;48.69972;1.5975;ILE DE FRANCE;France;;;;;
;;;78000;LE TERTRE SAINT DENIS;48.93861;1.60722;ILE DE FRANCE;France;;;;;
;;;78000;TESSANCOURT SUR AUBETTE;49.02444;1.92139;ILE DE FRANCE;France;;;;;
;;;78000;THIVERVAL GRIGNON;48.84945;1.91722;ILE DE FRANCE;France;;;;;
;;;78000;THOIRY;48.86667;1.79861;ILE DE FRANCE;France;;;;;
;;;78000;TILLY;48.88278;1.57778;ILE DE FRANCE;France;;;;;
;;;78000;TOUSSUS LE NOBLE;48.74667;2.11306;ILE DE FRANCE;France;;;;;
;;;78000;LE TREMBLAY SUR MAULDRE;48.77861;1.87806;ILE DE FRANCE;France;;;;;
;;;78000;TRIEL SUR SEINE;48.97139;2.00944;ILE DE FRANCE;France;;;;;
;;;78000;VAUX SUR SEINE;49.00694;1.96194;ILE DE FRANCE;France;;;;;
;;;78000;VELIZY VILLACOUBLAY;48.78806;2.17444;ILE DE FRANCE;France;;;;;
;;;78000;VERNEUIL SUR SEINE;48.98111;1.97333;ILE DE FRANCE;France;;;;;
;;;78000;VERNOUILLET;48.9724604;1.9830623;ILE DE FRANCE;France;;;;;
;;;78000;LA VERRIERE;48.75555;1.95611;ILE DE FRANCE;France;;;;;
;;;78000;VERSAILLES   ;48.80695;2.13667;ILE DE FRANCE;France;;;;;
;;;78000;VERT;48.94111;1.69083;ILE DE FRANCE;France;;;;;
;;;78000;LE VESINET;48.88889;2.13167;ILE DE FRANCE;France;;;;;
;;;78000;VICQ;48.81611;1.83611;ILE DE FRANCE;France;;;;;
;;;78000;VIEILLEEGLISEEN YVELINES;48.67;1.87528;ILE DE FRANCE;France;;;;;
;;;78000;LA VILLENEUVE  EN CHEVRIE;49.01444;1.52889;ILE DE FRANCE;France;;;;;
;;;78000;VILLENNES SUR SEINE;48.93806;1.99528;ILE DE FRANCE;France;;;;;
;;;78000;VILLEPREUX;48.83444;2.01306;ILE DE FRANCE;France;;;;;
;;;78000;VILLETTE;48.9275;1.69417;ILE DE FRANCE;France;;;;;
;;;78000;VILLIERS LE MAHIEU;48.86139;1.77361;ILE DE FRANCE;France;;;;;
;;;78000;VILLIERS SAINT FREDERIC;48.82056;1.89278;ILE DE FRANCE;France;;;;;
;;;78000;VIROFLAY;48.80806;2.17222;ILE DE FRANCE;France;;;;;
;;;78000;VOISINS LE BRETONNEUX;48.75917;2.05167;ILE DE FRANCE;France;;;;;
;;;91000;ABBEVILLE LA RIVIERE;48.34667;2.16833;ILE DE FRANCE;France;;;;;
;;;91000;ANGERVILLE;48.31222;1.99722;ILE DE FRANCE;France;;;;;
;;;91000;ANGERVILLIERS;48.59278;2.06389;ILE DE FRANCE;France;;;;;
;;;91000;ARPAJON;48.59028;2.25028;ILE DE FRANCE;France;;;;;
;;;91000;ARRANCOURT;48.34167;2.16167;ILE DE FRANCE;France;;;;;
;;;91000;ATHIS MONS;48.7025;2.37222;ILE DE FRANCE;France;;;;;
;;;91000;AUTHON LA PLAINE;48.45139;1.95806;ILE DE FRANCE;France;;;;;
;;;91000;AUVERNAUX;48.53;2.49389;ILE DE FRANCE;France;;;;;
;;;91000;AUVERS SAINT GEORGES;48.49194;2.21806;ILE DE FRANCE;France;;;;;
;;;91000;AVRAINVILLE;48.5625;2.24889;ILE DE FRANCE;France;;;;;
;;;91000;BALLAINVILLIERS;48.67694;2.29278;ILE DE FRANCE;France;;;;;
;;;91000;BALLANCOURT SURESSONNE;48.525;2.385;ILE DE FRANCE;France;;;;;
;;;91000;BAULNE;48.49472;2.36083;ILE DE FRANCE;France;;;;;
;;;91000;BIEVRES;48.75528;2.21639;ILE DE FRANCE;France;;;;;
;;;91000;BLANDY;48.31361;2.25722;ILE DE FRANCE;France;;;;;
;;;91000;BOIGNEVILLE;48.33556;2.37222;ILE DE FRANCE;France;;;;;
;;;91000;BOIS HERPIN;48.36917;2.23472;ILE DE FRANCE;France;;;;;
;;;91000;BOISSY LA RIVIERE;48.37556;2.15361;ILE DE FRANCE;France;;;;;
;;;91000;BOISSY LE CUTTE;48.47194;2.28333;ILE DE FRANCE;France;;;;;
;;;91000;BOISSY LE SEC;48.47889;2.08944;ILE DE FRANCE;France;;;;;
;;;91000;BOISSY SOUS SAINT YON;48.55806;2.21;ILE DE FRANCE;France;;;;;
;;;91000;BONDOUFLE;48.61583;2.38139;ILE DE FRANCE;France;;;;;
;;;91000;BOULLAY LES TROUX;48.67861;2.05111;ILE DE FRANCE;France;;;;;
;;;91000;BOURAY SUR JUINE;48.52167;2.30056;ILE DE FRANCE;France;;;;;
;;;91000;BOUSSY SAINT ANTOINE;48.69056;2.53278;ILE DE FRANCE;France;;;;;
;;;91000;BOUTERVILLIERS;48.45306;2.05694;ILE DE FRANCE;France;;;;;
;;;91000;BOUTIGNY SURESSONNE;48.43694;2.37833;ILE DE FRANCE;France;;;;;
;;;91000;BOUVILLE;48.43278;2.285;ILE DE FRANCE;France;;;;;
;;;91000;BOUTIGNY SURESSONNE;48.61056;2.30889;ILE DE FRANCE;France;;;;;
;;;91000;BREUILLET;48.56694;2.17056;ILE DE FRANCE;France;;;;;
;;;91000;BREUX JOUY;48.56139;2.17639;ILE DE FRANCE;France;;;;;
;;;91000;BRIERES LES SCELLES;48.45722;2.13944;ILE DE FRANCE;France;;;;;
;;;91000;BRIIS SOUS FORGES;48.62417;2.12389;ILE DE FRANCE;France;;;;;
;;;91000;BROUY;48.31694;2.27889;ILE DE FRANCE;France;;;;;
;;;91000;BRUNOY;48.70555;2.51028;ILE DE FRANCE;France;;;;;
;;;91000;BRUYERES LE CHATEL;48.59306;2.1875;ILE DE FRANCE;France;;;;;
;;;91000;BUNO BONNEVAUX;48.36083;2.38833;ILE DE FRANCE;France;;;;;
;;;91000;BURES SUR YVETTE;48.6975;2.16222;ILE DE FRANCE;France;;;;;
;;;91000;CERNY;48.47472;2.3275;ILE DE FRANCE;France;;;;;
;;;91000;CHALO SAINT MARS;48.42611;2.06556;ILE DE FRANCE;France;;;;;
;;;91000;CHALOU MOULINEUX;48.38417;2.02333;ILE DE FRANCE;France;;;;;
;;;91000;CHAMARANDE;48.51417;2.21972;ILE DE FRANCE;France;;;;;
;;;91000;CHAMPCUEIL;48.51528;2.44778;ILE DE FRANCE;France;;;;;
;;;91000;CHAMPLAN;48.70917;2.27056;ILE DE FRANCE;France;;;;;
;;;91000;CHAMPMOTTEUX;48.34278;2.32111;ILE DE FRANCE;France;;;;;
;;;91000;CHATIGNONVILLE;48.46889;1.93278;ILE DE FRANCE;France;;;;;
;;;91000;CHAUFFOUR LESETRECHY;48.50195;2.17028;ILE DE FRANCE;France;;;;;
;;;91000;CHEPTAINVILLE;48.55083;2.265;ILE DE FRANCE;France;;;;;
;;;91000;CHEVANNES;48.53083;2.44278;ILE DE FRANCE;France;;;;;
;;;91000;CHILLY MAZARIN;48.7026161;2.3123582;ILE DE FRANCE;France;;;;;
;;;91000;CONGERVILLE THIONVILLE;48.37833;1.99583;ILE DE FRANCE;France;;;;;
;;;91000;CORBEILESSONNES;48.61056;2.47722;ILE DE FRANCE;France;;;;;
;;;91000;CORBREUSE;48.50195;1.96028;ILE DE FRANCE;France;;;;;
;;;91000;LE COUDRAY MONTCEAUX;48.56139;2.50694;ILE DE FRANCE;France;;;;;
;;;91000;COURANCES;48.44083;2.47583;ILE DE FRANCE;France;;;;;
;;;91000;COURDIMANCHE SURESSONNE;48.41833;2.37889;ILE DE FRANCE;France;;;;;
;;;91000;COURSON MONTELOUP;48.60056;2.14972;ILE DE FRANCE;France;;;;;
;;;91000;CROSNE;48.71778;2.46333;ILE DE FRANCE;France;;;;;
;;;91000;D'HUISON LONGUEVILLE;48.46278;2.32;ILE DE FRANCE;France;;;;;
;;;91000;DANNEMOIS;48.4525;2.47611;ILE DE FRANCE;France;;;;;
;;;91000;DOURDAN;48.52833;2.0125;ILE DE FRANCE;France;;;;;
;;;91000;DRAVEIL;48.68639;2.41139;ILE DE FRANCE;France;;;;;
;;;91000;ECHARCON;48.57333;2.40639;ILE DE FRANCE;France;;;;;
;;;91000;EGLY;48.58028;2.22472;ILE DE FRANCE;France;;;;;
;;;91000;EPINAY SOUS SENART;48.69444;2.51694;ILE DE FRANCE;France;;;;;
;;;91000;EPINAY SUR ORGE;48.67472;2.32639;ILE DE FRANCE;France;;;;;
;;;91000;ETAMPES;48.43222;2.16083;ILE DE FRANCE;France;;;;;
;;;91000;ETIOLLES;48.63722;2.47333;ILE DE FRANCE;France;;;;;
;;;91000;ETRECHY;48.49306;2.19056;ILE DE FRANCE;France;;;;;
;;;91000;EVRY COURCOURONNES    ;48.63583;2.4425;ILE DE FRANCE;France;;;;;
;;;91000;LA FERTE ALAIS;48.48667;2.35056;ILE DE FRANCE;France;;;;;
;;;91000;FLEURY MEROGIS;48.62889;2.36167;ILE DE FRANCE;France;;;;;
;;;91000;FONTAINE LA RIVIERE;48.35722;2.15389;ILE DE FRANCE;France;;;;;
;;;91000;FONTENAY LE VICOMTE;48.54722;2.40083;ILE DE FRANCE;France;;;;;
;;;91000;FONTENAY LES BRIIS;48.61945;2.15861;ILE DE FRANCE;France;;;;;
;;;91000;LA FORET LE ROI;48.47889;2.04361;ILE DE FRANCE;France;;;;;
;;;91000;LA FORET SAINTE CROIX;48.38278;2.23;ILE DE FRANCE;France;;;;;
;;;91000;FORGES LES BAINS;48.62806;2.10028;ILE DE FRANCE;France;;;;;
;;;91000;GIF SUR YVETTE;48.70361;2.12889;ILE DE FRANCE;France;;;;;
;;;91000;GIRONVILLE SURESSONNE;48.37083;2.38;ILE DE FRANCE;France;;;;;
;;;91000;GOMETZ LA VILLE;48.67222;2.12556;ILE DE FRANCE;France;;;;;
;;;91000;GOMETZ LE CHATEL;48.67889;2.14028;ILE DE FRANCE;France;;;;;
;;;91000;LES GRANGES LE ROI;48.50361;2.02111;ILE DE FRANCE;France;;;;;
;;;91000;GRIGNY;48.65722;2.38861;ILE DE FRANCE;France;;;;;
;;;91000;GUIBEVILLE;48.57139;2.27056;ILE DE FRANCE;France;;;;;
;;;91000;GUIGNEVILLE SURESSONNE;48.47361;2.35667;ILE DE FRANCE;France;;;;;
;;;91000;GUILLERVAL;48.36417;2.1;ILE DE FRANCE;France;;;;;
;;;91000;IGNY;48.73;2.22472;ILE DE FRANCE;France;;;;;
;;;91000;ITTEVILLE;48.51556;2.34167;ILE DE FRANCE;France;;;;;
;;;91000;JANVILLE SUR JUINE;48.51444;2.26333;ILE DE FRANCE;France;;;;;
;;;91000;JANVRY;48.64806;2.15417;ILE DE FRANCE;France;;;;;
;;;91000;JUVISY SUR ORGE;48.6925;2.37722;ILE DE FRANCE;France;;;;;
;;;91000;LARDY;48.52194;2.26611;ILE DE FRANCE;France;;;;;
;;;91000;LE MEREVILLOIS;48.31556;2.08806;ILE DE FRANCE;France;;;;;
;;;91000;LEUDEVILLE;48.56639;2.32722;ILE DE FRANCE;France;;;;;
;;;91000;LEUVILLE SUR ORGE;48.61555;2.26333;ILE DE FRANCE;France;;;;;
;;;91000;LIMOURS;48.64528;2.07667;ILE DE FRANCE;France;;;;;
;;;91000;LINAS;48.63139;2.27139;ILE DE FRANCE;France;;;;;
;;;91000;LISSES;48.59833;2.425;ILE DE FRANCE;France;;;;;
;;;91000;LONGJUMEAU;48.6975;2.29694;ILE DE FRANCE;France;;;;;
;;;91000;LONGPONT SUR ORGE;48.64305;2.29222;ILE DE FRANCE;France;;;;;
;;;91000;MAISSE;48.39667;2.37667;ILE DE FRANCE;France;;;;;
;;;91000;MARCOUSSIS;48.64333;2.23111;ILE DE FRANCE;France;;;;;
;;;91000;MAROLLES  EN BEAUCE;48.37472;2.20139;ILE DE FRANCE;France;;;;;
;;;91000;MAROLLESEN HUREPOIX;48.56194;2.30361;ILE DE FRANCE;France;;;;;
;;;91000;MASSY;48.7325;2.27667;ILE DE FRANCE;France;;;;;
;;;91000;MAUCHAMPS;48.53056;2.19611;ILE DE FRANCE;France;;;;;
;;;91000;MENNECY;48.5675;2.43417;ILE DE FRANCE;France;;;;;
;;;91000;MEROBERT;48.41556;2.00583;ILE DE FRANCE;France;;;;;
;;;91000;MESPUITS;48.3575;2.27139;ILE DE FRANCE;France;;;;;
;;;91000;MILLY LA FORET;48.4025;2.46556;ILE DE FRANCE;France;;;;;
;;;91000;MOIGNY SURECOLE;48.43361;2.45806;ILE DE FRANCE;France;;;;;
;;;91000;LES MOLIERES;48.67333;2.06972;ILE DE FRANCE;France;;;;;
;;;91000;MONDEVILLE;48.49167;2.41583;ILE DE FRANCE;France;;;;;
;;;91000;MONNERVILLE;48.34639;2.04389;ILE DE FRANCE;France;;;;;
;;;91000;MONTGERON;48.705;2.45889;ILE DE FRANCE;France;;;;;
;;;91000;MONTLHERY;48.6403;2.2723;ILE DE FRANCE;France;;;;;
;;;91000;MORANGIS;48.69889;2.33;ILE DE FRANCE;France;;;;;
;;;91000;MORIGNY CHAMPIGNY;48.44695;2.18472;ILE DE FRANCE;France;;;;;
;;;91000;MORSANG SUR ORGE;48.65222;2.355;ILE DE FRANCE;France;;;;;
;;;91000;MORSANG SUR SEINE;48.57139;2.49361;ILE DE FRANCE;France;;;;;
;;;91000;NAINVILLE LES ROCHES;48.50611;2.49556;ILE DE FRANCE;France;;;;;
;;;91000;LA NORVILLE;48.58194;2.26167;ILE DE FRANCE;France;;;;;
;;;91000;NOZAY;48.66;2.24194;ILE DE FRANCE;France;;;;;
;;;91000;OLLAINVILLE;48.58972;2.22083;ILE DE FRANCE;France;;;;;
;;;91000;ONCY SURECOLE;48.38111;2.47528;ILE DE FRANCE;France;;;;;
;;;91000;ORMOY;48.57667;2.44778;ILE DE FRANCE;France;;;;;
;;;91000;ORMOY LA RIVIERE;48.40306;2.15028;ILE DE FRANCE;France;;;;;
;;;91000;ORSAY;48.69806;2.18583;ILE DE FRANCE;France;;;;;
;;;91000;ORVEAU;48.44861;2.29278;ILE DE FRANCE;France;;;;;
;;;91000;PALAISEAU;48.71222;2.23889;ILE DE FRANCE;France;;;;;
;;;91000;PARAY VIEILLE POSTE;48.70972;2.365;ILE DE FRANCE;France;;;;;
;;;91000;PECQUEUSE;48.64694;2.04778;ILE DE FRANCE;France;;;;;
;;;91000;LE PLESSIS PATE;48.61278;2.32806;ILE DE FRANCE;France;;;;;
;;;91000;PLESSIS SAINT BENOIST;48.44417;2.00528;ILE DE FRANCE;France;;;;;
;;;91000;PRUNAY SURESSONNE;48.3575;2.37306;ILE DE FRANCE;France;;;;;
;;;91000;PUISELET LE MARAIS;48.40556;2.26361;ILE DE FRANCE;France;;;;;
;;;91000;PUSSAY;48.35056;1.99444;ILE DE FRANCE;France;;;;;
;;;91000;QUINCY SOUS SENART;48.67167;2.53306;ILE DE FRANCE;France;;;;;
;;;91000;RICHARVILLE;48.47139;2.00111;ILE DE FRANCE;France;;;;;
;;;91000;RIS ORANGIS;48.655;2.41361;ILE DE FRANCE;France;;;;;
;;;91000;ROINVILLE;48.53111;2.04639;ILE DE FRANCE;France;;;;;
;;;91000;ROINVILLIERS;48.35639;2.24167;ILE DE FRANCE;France;;;;;
;;;91000;SACLAS;48.36028;2.12694;ILE DE FRANCE;France;;;;;
;;;91000;SACLAY;48.73111;2.175;ILE DE FRANCE;France;;;;;
;;;91000;SAINT AUBIN;48.715;2.14139;ILE DE FRANCE;France;;;;;
;;;91000;SAINT CHERON;48.55361;2.12389;ILE DE FRANCE;France;;;;;
;;;91000;SAINT CYR LA RIVIERE;48.35556;2.14778;ILE DE FRANCE;France;;;;;
;;;91000;SAINT CYR SOUS DOURDAN;48.57028;2.03444;ILE DE FRANCE;France;;;;;
;;;91000;SAINTESCOBILLE;48.43083;1.96861;ILE DE FRANCE;France;;;;;
;;;91000;SAINT GERMAIN LES ARPAJON;48.59778;2.26889;ILE DE FRANCE;France;;;;;
;;;91000;SAINT GERMAIN LES CORBEIL;48.62167;2.48833;ILE DE FRANCE;France;;;;;
;;;91000;SAINT HILAIRE;48.435;2.07972;ILE DE FRANCE;France;;;;;
;;;91000;SAINT JEAN DE BEAUREGARD;48.66417;2.16861;ILE DE FRANCE;France;;;;;
;;;91000;SAINT MAURICE MONTCOURONNE;48.58111;2.12389;ILE DE FRANCE;France;;;;;
;;;91000;SAINT MICHEL SUR ORGE;48.64194;2.31194;ILE DE FRANCE;France;;;;;
;;;91000;SAINT PIERRE DU PERRAY;48.61333;2.50472;ILE DE FRANCE;France;;;;;
;;;91000;SAINT SULPICE DE FAVIERES;48.54167;2.17917;ILE DE FRANCE;France;;;;;
;;;91000;SAINT VRAIN;48.5425;2.335;ILE DE FRANCE;France;;;;;
;;;91000;SAINT YON;48.55889;2.19111;ILE DE FRANCE;France;;;;;
;;;91000;SAINTE GENEVIEVE DES BOIS;48.64944;2.325;ILE DE FRANCE;France;;;;;
;;;91000;SAINTRY SUR SEINE;48.60028;2.49389;ILE DE FRANCE;France;;;;;
;;;91000;SAULX LES CHARTREUX;48.6925;2.2675;ILE DE FRANCE;France;;;;;
;;;91000;SAVIGNY SUR ORGE;48.68972;2.35306;ILE DE FRANCE;France;;;;;
;;;91000;SERMAISE;48.53639;2.08194;ILE DE FRANCE;France;;;;;
;;;91000;SOISY SURECOLE;48.47639;2.49583;ILE DE FRANCE;France;;;;;
;;;91000;SOISY SUR SEINE;48.64583;2.45111;ILE DE FRANCE;France;;;;;
;;;91000;SOUZY LA BRICHE;48.52861;2.15111;ILE DE FRANCE;France;;;;;
;;;91000;TIGERY;48.63944;2.50806;ILE DE FRANCE;France;;;;;
;;;91000;TORFOU;48.53111;2.22694;ILE DE FRANCE;France;;;;;
;;;91000;LES ULIS;48.68278;2.16528;ILE DE FRANCE;France;;;;;
;;;91000;LE VAL SAINT GERMAIN;48.56528;2.06167;ILE DE FRANCE;France;;;;;
;;;91000;VALPUISEAUX;48.39417;2.30472;ILE DE FRANCE;France;;;;;
;;;91000;VARENNES JARCY;48.67889;2.56111;ILE DE FRANCE;France;;;;;
;;;91000;VAUGRIGNEUSE;48.60278;2.12083;ILE DE FRANCE;France;;;;;
;;;91000;VAUHALLAN;48.73472;2.20583;ILE DE FRANCE;France;;;;;
;;;91000;VAYRES SURESSONNE;48.43861;2.35389;ILE DE FRANCE;France;;;;;
;;;91000;VERRIERES LE BUISSON;48.74278;2.26889;ILE DE FRANCE;France;;;;;
;;;91000;VERT LE GRAND;48.57278;2.36139;ILE DE FRANCE;France;;;;;
;;;91000;VERT LE PETIT;48.55139;2.36667;ILE DE FRANCE;France;;;;;
;;;91000;VIDELLES;48.46472;2.43139;ILE DE FRANCE;France;;;;;
;;;91000;VIGNEUX SUR SEINE;48.69917;2.43694;ILE DE FRANCE;France;;;;;
;;;91000;VILLABE;48.58889;2.45583;ILE DE FRANCE;France;;;;;
;;;91000;LA VILLE DU BOIS;48.66111;2.26833;ILE DE FRANCE;France;;;;;
;;;91000;VILLEBON SUR YVETTE;48.69806;2.22694;ILE DE FRANCE;France;;;;;
;;;91000;VILLECONIN;48.51472;2.12639;ILE DE FRANCE;France;;;;;
;;;91000;VILLEJUST;48.68333;2.23639;ILE DE FRANCE;France;;;;;
;;;91000;VILLEMOISSON SUR ORGE;48.6575;2.33361;ILE DE FRANCE;France;;;;;
;;;91000;VILLENEUVE SUR AUVERS;48.47472;2.24889;ILE DE FRANCE;France;;;;;
;;;91000;VILLIERS LE BACLE;48.72556;2.12694;ILE DE FRANCE;France;;;;;
;;;91000;VILLIERS SUR ORGE;48.66083;2.305;ILE DE FRANCE;France;;;;;
;;;91000;VIRY CHATILLON;48.67778;2.37583;ILE DE FRANCE;France;;;;;
;;;91000;WISSOUS ;48.7316381;2.3268669;ILE DE FRANCE;France;;;;;
;;;91000;YERRES;48.71861;2.50611;ILE DE FRANCE;France;;;;;
;;;92000;ANTONY;48.75306;2.29833;ILE DE FRANCE;France;;;;;
;;;92000;ASNIERES SUR SEINE;48.9125;2.28139;ILE DE FRANCE;France;;;;;
;;;92000;BAGNEUX;48.79639;2.31056;ILE DE FRANCE;France;;;;;
;;;92000;BOIS COLOMBES;48.92028;2.27111;ILE DE FRANCE;France;;;;;
;;;92000;BOULOGNE BILLANCOURT;48.83972;2.24222;ILE DE FRANCE;France;;;;;
;;;92000;BOURG LA REINE;48.78028;2.31694;ILE DE FRANCE;France;;;;;
;;;92000;CHATENAY MALABRY;48.76805;2.28111;ILE DE FRANCE;France;;;;;
;;;92000;CHATILLON;48.80472;2.28667;ILE DE FRANCE;France;;;;;
;;;92000;CHAVILLE;48.80361;2.18583;ILE DE FRANCE;France;;;;;
;;;92000;CLAMART;48.80028;2.26417;ILE DE FRANCE;France;;;;;
;;;92000;CLICHY;48.90528;2.30889;ILE DE FRANCE;France;;;;;
;;;92000;COLOMBES;48.9225;2.25222;ILE DE FRANCE;France;;;;;
;;;92000;COURBEVOIE;48.9;2.24361;ILE DE FRANCE;France;;;;;
;;;92000;FONTENAY AUX ROSES;48.79;2.29194;ILE DE FRANCE;France;;;;;
;;;92000;GARCHES;48.84528;2.18528;ILE DE FRANCE;France;;;;;
;;;92000;LA GARENNE COLOMBES;48.90889;2.2525;ILE DE FRANCE;France;;;;;
;;;92000;GENNEVILLIERS;48.92861;2.30028;ILE DE FRANCE;France;;;;;
;;;92000;ISSY LES MOULINEAUX;48.82444;2.27167;ILE DE FRANCE;France;;;;;
;;;92000;LEVALLOIS PERRET;48.89639;2.29028;ILE DE FRANCE;France;;;;;
;;;92000;MALAKOFF;48.81694;2.29444;ILE DE FRANCE;France;;;;;
;;;92000;MARNES LA COQUETTE;48.83055;2.17917;ILE DE FRANCE;France;;;;;
;;;92000;MEUDON;48.81222;2.23333;ILE DE FRANCE;France;;;;;
;;;92000;MONTROUGE;48.81611;2.32083;ILE DE FRANCE;France;;;;;
;;;92000;NANTERRE   ;48.89056;2.20889;ILE DE FRANCE;France;;;;;
;;;92000;NEUILLY SUR SEINE;48.88861;2.27083;ILE DE FRANCE;France;;;;;
;;;92000;LE PLESSIS ROBINSON;48.78305;2.2625;ILE DE FRANCE;France;;;;;
;;;92000;PUTEAUX;48.88528;2.23917;ILE DE FRANCE;France;;;;;
;;;92000;RUEIL MALMAISON;48.87167;2.19278;ILE DE FRANCE;France;;;;;
;;;92000;SAINT CLOUD;48.84833;2.21111;ILE DE FRANCE;France;;;;;
;;;92000;SCEAUX;48.77806;2.2975;ILE DE FRANCE;France;;;;;
;;;92000;SEVRES;48.82361;2.21444;ILE DE FRANCE;France;;;;;
;;;92000;SURESNES;48.87056;2.22472;ILE DE FRANCE;France;;;;;
;;;92000;VANVES;48.82417;2.28917;ILE DE FRANCE;France;;;;;
;;;92000;VAUCRESSON;48.84333;2.15472;ILE DE FRANCE;France;;;;;
;;;92000;VILLE D'AVRAY;48.82806;2.19083;ILE DE FRANCE;France;;;;;
;;;92000;VILLENEUVE LA GARENNE;48.93472;2.32861;ILE DE FRANCE;France;;;;;
;;;93000;AUBERVILLIERS;48.91306;2.38306;ILE DE FRANCE;France;;;;;
;;;93000;AULNAY SOUS BOIS;48.93861;2.49056;ILE DE FRANCE;France;;;;;
;;;93000;BAGNOLET;48.86917;2.41806;ILE DE FRANCE;France;;;;;
;;;93000;LE BLANC MESNIL;48.93417;2.4675;ILE DE FRANCE;France;;;;;
;;;93000;BOBIGNY   ;48.90778;2.44194;ILE DE FRANCE;France;;;;;
;;;93000;BONDY;48.90361;2.47472;ILE DE FRANCE;France;;;;;
;;;93000;LE BOURGET;48.93583;2.43083;ILE DE FRANCE;France;;;;;
;;;93000;CLICHY SOUS BOIS;48.90667;2.54111;ILE DE FRANCE;France;;;;;
;;;93000;COUBRON;48.91556;2.57722;ILE DE FRANCE;France;;;;;
;;;93000;LA COURNEUVE;48.92778;2.40667;ILE DE FRANCE;France;;;;;
;;;93000;DRANCY;48.92361;2.44972;ILE DE FRANCE;France;;;;;
;;;93000;DUGNY;48.95444;2.415;ILE DE FRANCE;France;;;;;
;;;93000;EPINAY SUR SEINE;48.95861;2.30361;ILE DE FRANCE;France;;;;;
;;;93000;GAGNY;48.88445;2.53444;ILE DE FRANCE;France;;;;;
;;;93000;GOURNAY SUR MARNE;48.85972;2.57528;ILE DE FRANCE;France;;;;;
;;;93000;L'ILE SAINT DENIS;48.93833;2.33806;ILE DE FRANCE;France;;;;;
;;;93000;LES LILAS;48.88083;2.42333;ILE DE FRANCE;France;;;;;
;;;93000;LIVRY GARGAN;48.917335;2.5298854;ILE DE FRANCE;France;;;;;
;;;93000;MONTFERMEIL;48.89472;2.55583;ILE DE FRANCE;France;;;;;
;;;93000;MONTREUIL;48.865;2.44667;ILE DE FRANCE;France;;;;;
;;;93000;NEUILLY PLAISANCE;48.86278;2.50167;ILE DE FRANCE;France;;;;;
;;;93000;NEUILLY SUR MARNE;48.85944;2.53333;ILE DE FRANCE;France;;;;;
;;;93000;NOISY LE GRAND;48.85;2.5525;ILE DE FRANCE;France;;;;;
;;;93000;NOISY LE SEC;48.89278;2.4625;ILE DE FRANCE;France;;;;;
;;;93000;PANTIN;48.89222;2.41222;ILE DE FRANCE;France;;;;;
;;;93000;LES PAVILLONS SOUS BOIS;48.90361;2.49944;ILE DE FRANCE;France;;;;;
;;;93000;LE PRE SAINT GERVAIS;48.88528;2.40361;ILE DE FRANCE;France;;;;;
;;;93000;LE RAINCY;48.89722;2.51917;ILE DE FRANCE;France;;;;;
;;;93000;ROMAINVILLE;48.88083;2.44028;ILE DE FRANCE;France;;;;;
;;;93000;SAINT DENIS;48.93056;2.35556;ILE DE FRANCE;France;;;;;
;;;93000;SAINT OUEN;48.90917;2.33722;ILE DE FRANCE;France;;;;;
;;;93000;SEVRAN;48.94056;2.52389;ILE DE FRANCE;France;;;;;
;;;93000;STAINS;48.95306;2.37611;ILE DE FRANCE;France;;;;;
;;;93000;TREMBLAY  EN FRANCE;48.98333;2.55667;ILE DE FRANCE;France;;;;;
;;;93000;VAUJOURS;48.93195;2.56889;ILE DE FRANCE;France;;;;;
;;;93000;VILLEMOMBLE;48.88889;2.50444;ILE DE FRANCE;France;;;;;
;;;93000;VILLEPINTE;48.95889;2.54222;ILE DE FRANCE;France;;;;;
;;;93000;VILLETANEUSE;48.95694;2.34667;ILE DE FRANCE;France;;;;;
;;;94000;ABLON SUR SEINE;48.72778;2.41694;ILE DE FRANCE;France;;;;;
;;;94000;ALFORTVILLE;48.80528;2.41778;ILE DE FRANCE;France;;;;;
;;;94000;ARCUEIL;48.80333;2.33083;ILE DE FRANCE;France;;;;;
;;;94000;BOISSY SAINT LEGER;48.74972;2.51611;ILE DE FRANCE;France;;;;;
;;;94000;BRY SUR MARNE;48.84361;2.51722;ILE DE FRANCE;France;;;;;
;;;94000;CACHAN;48.795;2.32861;ILE DE FRANCE;France;;;;;
;;;94000;CHAMPIGNY SUR MARNE;48.81861;2.5075;ILE DE FRANCE;France;;;;;
;;;94000;CHARENTON LE PONT;48.82361;2.40556;ILE DE FRANCE;France;;;;;
;;;94000;CHENNEVIERES SUR MARNE;48.7965001;2.530442;ILE DE FRANCE;France;;;;;
;;;94000;CHEVILLY LARUE;48.77306;2.35278;ILE DE FRANCE;France;;;;;
;;;94000;CHOISY LE ROI;48.76444;2.40861;ILE DE FRANCE;France;;;;;
;;;94000;CRETEIL   ;48.79333;2.46083;ILE DE FRANCE;France;;;;;
;;;94000;FONTENAY SOUS BOIS;48.84889;2.46972;ILE DE FRANCE;France;;;;;
;;;94000;FRESNES;48.75694;2.32167;ILE DE FRANCE;France;;;;;
;;;94000;GENTILLY;48.815;2.33833;ILE DE FRANCE;France;;;;;
;;;94000;L'HAY LES ROSES;48.77694;2.33778;ILE DE FRANCE;France;;;;;
;;;94000;IVRY SUR SEINE;48.81611;2.38611;ILE DE FRANCE;France;;;;;
;;;94000;JOINVILLE LE PONT;48.82333;2.475;ILE DE FRANCE;France;;;;;
;;;94000;LE KREMLIN BICETRE;48.81083;2.35667;ILE DE FRANCE;France;;;;;
;;;94000;LIMEIL BREVANNES;48.74694;2.47917;ILE DE FRANCE;France;;;;;
;;;94000;MAISONS ALFORT;48.80667;2.4375;ILE DE FRANCE;France;;;;;
;;;94000;MANDRES LES ROSES;48.70111;2.54306;ILE DE FRANCE;France;;;;;
;;;94000;MAROLLES  EN BRIE;48.73333;2.55222;ILE DE FRANCE;France;;;;;
;;;94000;NOGENT SUR MARNE;48.83833;2.48333;ILE DE FRANCE;France;;;;;
;;;94000;NOISEAU;48.77667;2.55111;ILE DE FRANCE;France;;;;;
;;;94000;ORLY;48.74667;2.40389;ILE DE FRANCE;France;;;;;
;;;94000;PERIGNY;48.69556;2.55056;ILE DE FRANCE;France;;;;;
;;;94000;LE PERREUX SUR MARNE;48.84111;2.50528;ILE DE FRANCE;France;;;;;
;;;94000;LE PLESSIS TREVISE;48.8125;2.56694;ILE DE FRANCE;France;;;;;
;;;94000;LA QUEUEEN BRIE;48.78639;2.57889;ILE DE FRANCE;France;;;;;
;;;94000;RUNGIS;48.7475;2.35056;ILE DE FRANCE;France;;;;;
;;;94000;SAINT MANDE;48.84528;2.41472;ILE DE FRANCE;France;;;;;
;;;94000;SAINT MAUR DES FOSSES;48.79944;2.505;ILE DE FRANCE;France;;;;;
;;;94000;SAINT MAURICE;48.82222;2.42222;ILE DE FRANCE;France;;;;;
;;;94000;SANTENY;48.72556;2.57333;ILE DE FRANCE;France;;;;;
;;;94000;SUCY  EN BRIE;48.76778;2.51833;ILE DE FRANCE;France;;;;;
;;;94000;THIAIS;48.76278;2.39;ILE DE FRANCE;France;;;;;
;;;94000;VALENTON;48.74694;2.46583;ILE DE FRANCE;France;;;;;
;;;94000;VILLECRESNES;48.72278;2.53806;ILE DE FRANCE;France;;;;;
;;;94000;VILLEJUIF;48.7921098;2.3633048;ILE DE FRANCE;France;;;;;
;;;94000;VILLENEUVE LE ROI;48.73583;2.42861;ILE DE FRANCE;France;;;;;
;;;94000;VILLENEUVE SAINT GEORGES;48.735;2.45389;ILE DE FRANCE;France;;;;;
;;;94000;VILLIERS SUR MARNE;48.82972;2.54361;ILE DE FRANCE;France;;;;;
;;;94000;VINCENNES;48.84945;2.44;ILE DE FRANCE;France;;;;;
;;;94000;VITRY SUR SEINE;48.79445;2.38889;ILE DE FRANCE;France;;;;;
;;;95000;ABLEIGES;49.08861;1.98222;ILE DE FRANCE;France;;;;;
;;;95000;AINCOURT;49.0725;1.77361;ILE DE FRANCE;France;;;;;
;;;95000;AMBLEVILLE;49.15;1.69944;ILE DE FRANCE;France;;;;;
;;;95000;AMENUCOURT;49.10639;1.64083;ILE DE FRANCE;France;;;;;
;;;95000;ANDILLY;49.00333;2.29972;ILE DE FRANCE;France;;;;;
;;;95000;ARGENTEUIL;48.95972;2.23972;ILE DE FRANCE;France;;;;;
;;;95000;ARNOUVILLE LES GONESSE;48.9925;2.41694;ILE DE FRANCE;France;;;;;
;;;95000;ARRONVILLE;49.17972;2.115;ILE DE FRANCE;France;;;;;
;;;95000;ARTHIES;49.09555;1.79167;ILE DE FRANCE;France;;;;;
;;;95000;ASNIERES SUR OISE;49.13139;2.35667;ILE DE FRANCE;France;;;;;
;;;95000;ATTAINVILLE;49.05611;2.34694;ILE DE FRANCE;France;;;;;
;;;95000;AUVERS SUR OISE;49.07083;2.16972;ILE DE FRANCE;France;;;;;
;;;95000;AVERNES;49.085;1.87389;ILE DE FRANCE;France;;;;;
;;;95000;BAILLET  EN FRANCE;49.06083;2.29972;ILE DE FRANCE;France;;;;;
;;;95000;BANTHELU;49.12583;1.81556;ILE DE FRANCE;France;;;;;
;;;95000;BEAUCHAMP;49.01444;2.19667;ILE DE FRANCE;France;;;;;
;;;95000;BEAUMONT SUR OISE;49.14167;2.29056;ILE DE FRANCE;France;;;;;
;;;95000;LE BELLAYEN VEXIN;49.15167;1.8875;ILE DE FRANCE;France;;;;;
;;;95000;BELLEFONTAINE;49.09722;2.46667;ILE DE FRANCE;France;;;;;
;;;95000;BELLOY  EN FRANCE;49.08805;2.37083;ILE DE FRANCE;France;;;;;
;;;95000;BERNES SUR OISE;49.15861;2.30194;ILE DE FRANCE;France;;;;;
;;;95000;BERVILLE;49.18972;2.07167;ILE DE FRANCE;France;;;;;
;;;95000;BESSANCOURT;49.03695;2.21667;ILE DE FRANCE;France;;;;;
;;;95000;BETHEMONT LA FORET;49.0525;2.25222;ILE DE FRANCE;France;;;;;
;;;95000;BEZONS;48.93083;2.20833;ILE DE FRANCE;France;;;;;
;;;95000;BOISEMONT;49.02389;2.0075;ILE DE FRANCE;France;;;;;
;;;95000;BOISSY L'AILLERIE;49.07722;2.03167;ILE DE FRANCE;France;;;;;
;;;95000;BONNEUIL EN FRANCE;48.97556;2.43222;ILE DE FRANCE;France;;;;;
;;;95000;BOUFFEMONT;49.04222;2.2975;ILE DE FRANCE;France;;;;;
;;;95000;BOUQUEVAL;49.02306;2.42556;ILE DE FRANCE;France;;;;;
;;;95000;BRAYET LU;49.13889;1.66278;ILE DE FRANCE;France;;;;;
;;;95000;BREANCON;49.14194;2.02278;ILE DE FRANCE;France;;;;;
;;;95000;BRIGNANCOURT;49.13694;1.94472;ILE DE FRANCE;France;;;;;
;;;95000;BRUYERES SUR OISE;49.15694;2.33111;ILE DE FRANCE;France;;;;;
;;;95000;BUHY;49.19472;1.6925;ILE DE FRANCE;France;;;;;
;;;95000;BUTRY SUR OISE;49.08444;2.19722;ILE DE FRANCE;France;;;;;
;;;95000;CERGY;49.03389;2.06306;ILE DE FRANCE;France;;;;;
;;;95000;CHAMPAGNE SUR OISE;49.13306;2.23167;ILE DE FRANCE;France;;;;;
;;;95000;LA CHAPELLE  EN VEXIN;49.18528;1.73278;ILE DE FRANCE;France;;;;;
;;;95000;CHARMONT;49.13528;1.79111;ILE DE FRANCE;France;;;;;
;;;95000;CHARS;49.15944;1.94083;ILE DE FRANCE;France;;;;;
;;;95000;CHATENAY  EN FRANCE;49.06556;2.45778;ILE DE FRANCE;France;;;;;
;;;95000;CHAUMONTEL;49.12278;2.4325;ILE DE FRANCE;France;;;;;
;;;95000;CHAUSSY;49.12111;1.6925;ILE DE FRANCE;France;;;;;
;;;95000;CHAUVRY;49.05333;2.26667;ILE DE FRANCE;France;;;;;
;;;95000;CHENNEVIERES LES LOUVRES;49.04445;2.55194;ILE DE FRANCE;France;;;;;
;;;95000;CHERENCE;49.08889;1.67694;ILE DE FRANCE;France;;;;;
;;;95000;CLERYEN VEXIN;49.1275;1.84111;ILE DE FRANCE;France;;;;;
;;;95000;COMMENY;49.12667;1.89194;ILE DE FRANCE;France;;;;;
;;;95000;CONDECOURT;49.04028;1.94333;ILE DE FRANCE;France;;;;;
;;;95000;CORMEILLES  EN PARISIS;48.97361;2.19861;ILE DE FRANCE;France;;;;;
;;;95000;CORMEILLESEN VEXIN;49.11528;2.02028;ILE DE FRANCE;France;;;;;
;;;95000;COURCELLES SUR VIOSNE;49.075;2.00472;ILE DE FRANCE;France;;;;;
;;;95000;COURDIMANCHE;49.03472;2.00139;ILE DE FRANCE;France;;;;;
;;;95000;DEUIL LA BARRE;48.97611;2.3275;ILE DE FRANCE;France;;;;;
;;;95000;DOMONT;49.03222;2.33444;ILE DE FRANCE;France;;;;;
;;;95000;EAUBONNE;48.98917;2.27889;ILE DE FRANCE;France;;;;;
;;;95000;ECOUEN;49.01833;2.38222;ILE DE FRANCE;France;;;;;
;;;95000;ENGHIEN LES BAINS;48.96833;2.31;ILE DE FRANCE;France;;;;;
;;;95000;ENNERY;49.07528;2.10528;ILE DE FRANCE;France;;;;;
;;;95000;EPIAIS LES LOUVRES;49.03056;2.55778;ILE DE FRANCE;France;;;;;
;;;95000;EPIAIS RHUS;49.12167;2.06444;ILE DE FRANCE;France;;;;;
;;;95000;EPINAY CHAMPLATREUX;49.08472;2.41528;ILE DE FRANCE;France;;;;;
;;;95000;ERAGNY;49.02361;2.09111;ILE DE FRANCE;France;;;;;
;;;95000;ERMONT;48.98583;2.2575;ILE DE FRANCE;France;;;;;
;;;95000;EZANVILLE;49.02917;2.36306;ILE DE FRANCE;France;;;;;
;;;95000;FONTENAY  EN PARISIS;49.05389;2.45028;ILE DE FRANCE;France;;;;;
;;;95000;FOSSES;49.09528;2.48778;ILE DE FRANCE;France;;;;;
;;;95000;FRANCONVILLE;48.99222;2.22778;ILE DE FRANCE;France;;;;;
;;;95000;FREMAINVILLE;49.06556;1.86861;ILE DE FRANCE;France;;;;;
;;;95000;FREMECOURT;49.11889;2.00139;ILE DE FRANCE;France;;;;;
;;;95000;FREPILLON;49.04972;2.2075;ILE DE FRANCE;France;;;;;
;;;95000;LA FRETTE SUR SEINE;48.97417;2.18111;ILE DE FRANCE;France;;;;;
;;;95000;FROUVILLE;49.14694;2.15056;ILE DE FRANCE;France;;;;;
;;;95000;GARGES LES GONESSE;48.97333;2.39083;ILE DE FRANCE;France;;;;;
;;;95000;GENAINVILLE;49.12444;1.7525;ILE DE FRANCE;France;;;;;
;;;95000;GENICOURT;49.08833;2.06889;ILE DE FRANCE;France;;;;;
;;;95000;GONESSE;48.98472;2.44917;ILE DE FRANCE;France;;;;;
;;;95000;GOUSSAINVILLE;49.03167;2.46972;ILE DE FRANCE;France;;;;;
;;;95000;GRISY LES PLATRES;49.13028;2.05222;ILE DE FRANCE;France;;;;;
;;;95000;GROSLAY;48.98889;2.35278;ILE DE FRANCE;France;;;;;
;;;95000;GUIRY  EN VEXIN;49.10806;1.85111;ILE DE FRANCE;France;;;;;
;;;95000;HARAVILLIERS;49.17278;2.05583;ILE DE FRANCE;France;;;;;
;;;95000;HAUTE ISLE;49.08444;1.66056;ILE DE FRANCE;France;;;;;
;;;95000;LE HEAULME;49.165;2.00083;ILE DE FRANCE;France;;;;;
;;;95000;HEDOUVILLE;49.15139;2.16972;ILE DE FRANCE;France;;;;;
;;;95000;HERBLAY;48.99389;2.16028;ILE DE FRANCE;France;;;;;
;;;95000;HEROUVILLE;49.10056;2.13306;ILE DE FRANCE;France;;;;;
;;;95000;HODENT;49.14472;1.77;ILE DE FRANCE;France;;;;;
;;;95000;L'ISLE ADAM;49.10944;2.22167;ILE DE FRANCE;France;;;;;
;;;95000;JAGNY SOUS BOIS;49.0775;2.44306;ILE DE FRANCE;France;;;;;
;;;95000;JOUY LE MOUTIER;49.01639;2.04639;ILE DE FRANCE;France;;;;;
;;;95000;LABBEVILLE;49.13445;2.14528;ILE DE FRANCE;France;;;;;
;;;95000;LASSY;49.09583;2.44667;ILE DE FRANCE;France;;;;;
;;;95000;LIVILLIERS;49.095;2.09667;ILE DE FRANCE;France;;;;;
;;;95000;LONGUESSE;49.06111;1.93333;ILE DE FRANCE;France;;;;;
;;;95000;LOUVRES;49.03889;2.50472;ILE DE FRANCE;France;;;;;
;;;95000;LUZARCHES;49.11139;2.4225;ILE DE FRANCE;France;;;;;
;;;95000;MAFFLIERS;49.07722;2.30972;ILE DE FRANCE;France;;;;;
;;;95000;MAGNY EN VEXIN;49.16111;1.80667;ILE DE FRANCE;France;;;;;
;;;95000;MAREILEN FRANCE;49.06861;2.42667;ILE DE FRANCE;France;;;;;
;;;95000;MARGENCY;49.00139;2.29111;ILE DE FRANCE;France;;;;;
;;;95000;MARINES;49.14444;1.98222;ILE DE FRANCE;France;;;;;
;;;95000;MARLY LA VILLE;49.07722;2.49889;ILE DE FRANCE;France;;;;;
;;;95000;MAUDETOUR  EN VEXIN;49.09972;1.77583;ILE DE FRANCE;France;;;;;
;;;95000;MENOUVILLE;49.14972;2.11056;ILE DE FRANCE;France;;;;;
;;;95000;MENUCOURT;49.02333;1.98722;ILE DE FRANCE;France;;;;;
;;;95000;MERIEL;49.07778;2.205;ILE DE FRANCE;France;;;;;
;;;95000;MERY SUR OISE;49.06167;2.18694;ILE DE FRANCE;France;;;;;
;;;95000;LE MESNIL AUBRY;49.04972;2.39528;ILE DE FRANCE;France;;;;;
;;;95000;MOISSELLES;49.04889;2.33639;ILE DE FRANCE;France;;;;;
;;;95000;MONTGEROULT;49.08278;2.00472;ILE DE FRANCE;France;;;;;
;;;95000;MONTIGNY LES CORMEILLES;48.99861;2.20056;ILE DE FRANCE;France;;;;;
;;;95000;MONTLIGNON;49.00889;2.28472;ILE DE FRANCE;France;;;;;
;;;95000;MONTMAGNY;48.97361;2.34306;ILE DE FRANCE;France;;;;;
;;;95000;MONTMORENCY;48.98833;2.32167;ILE DE FRANCE;France;;;;;
;;;95000;MONTREUIL SUREPTE;49.17778;1.67944;ILE DE FRANCE;France;;;;;
;;;95000;MONTSOULT;49.06917;2.31139;ILE DE FRANCE;France;;;;;
;;;95000;MOURS;49.13194;2.27083;ILE DE FRANCE;France;;;;;
;;;95000;MOUSSY;49.13694;1.91056;ILE DE FRANCE;France;;;;;
;;;95000;NERVILLE LA FORET;49.08861;2.27778;ILE DE FRANCE;France;;;;;
;;;95000;NESLES LA VALLEE;49.12806;2.17139;ILE DE FRANCE;France;;;;;
;;;95000;NEUILLYEN VEXIN;49.1675;1.97722;ILE DE FRANCE;France;;;;;
;;;95000;NEUVILLE SUR OISE;49.01333;2.06306;ILE DE FRANCE;France;;;;;
;;;95000;NOINTEL;49.12778;2.2925;ILE DE FRANCE;France;;;;;
;;;95000;NOISY SUR OISE;49.135;2.33167;ILE DE FRANCE;France;;;;;
;;;95000;NUCOURT;49.15889;1.85444;ILE DE FRANCE;France;;;;;
;;;95000;OMERVILLE;49.14111;1.72;ILE DE FRANCE;France;;;;;
;;;95000;OSNY;49.05917;2.05611;ILE DE FRANCE;France;;;;;
;;;95000;PARMAIN;49.11389;2.20639;ILE DE FRANCE;France;;;;;
;;;95000;LE PERCHAY;49.10972;1.93556;ILE DE FRANCE;France;;;;;
;;;95000;PERSAN;49.15055;2.27389;ILE DE FRANCE;France;;;;;
;;;95000;PIERRELAYE;49.0232238;2.1557343;ILE DE FRANCE;France;;;;;
;;;95000;PISCOP;49.01083;2.34389;ILE DE FRANCE;France;;;;;
;;;95000;LE PLESSIS BOUCHARD;49.00167;2.23944;ILE DE FRANCE;France;;;;;
;;;95000;LE PLESSIS GASSOT;49.03194;2.41361;ILE DE FRANCE;France;;;;;
;;;95000;LE PLESSIS LUZARCHES;49.09444;2.45389;ILE DE FRANCE;France;;;;;
;;;95000;PONTOISE   ;49.05167;2.09417;ILE DE FRANCE;France;;;;;
;;;95000;PRESLES;49.11417;2.28194;ILE DE FRANCE;France;;;;;
;;;95000;PUISEUXEN FRANCE;49.06667;2.47583;ILE DE FRANCE;France;;;;;
;;;95000;PUISEUX PONTOISE;49.05695;2.02167;ILE DE FRANCE;France;;;;;
;;;95000;LA ROCHE GUYON;49.08222;1.63;ILE DE FRANCE;France;;;;;
;;;95000;ROISSY  EN FRANCE;49.00306;2.51556;ILE DE FRANCE;France;;;;;
;;;95000;RONQUEROLLES;49.16611;2.22167;ILE DE FRANCE;France;;;;;
;;;95000;SAGY;49.04889;1.95444;ILE DE FRANCE;France;;;;;
;;;95000;SAINT BRICE SOUS FORET;48.9997;2.3569;ILE DE FRANCE;France;;;;;
;;;95000;SAINT CLAIR SUREPTE;49.20917;1.68194;ILE DE FRANCE;France;;;;;
;;;95000;SAINT CYREN ARTHIES;49.06055;1.74417;ILE DE FRANCE;France;;;;;
;;;95000;SAINT GERVAIS;49.16917;1.77139;ILE DE FRANCE;France;;;;;
;;;95000;SAINT GRATIEN;48.97472;2.28667;ILE DE FRANCE;France;;;;;
;;;95000;SAINT LEU LA FORET;49.01444;2.24389;ILE DE FRANCE;France;;;;;
;;;95000;SAINT MARTIN DU TERTRE;49.10695;2.34861;ILE DE FRANCE;France;;;;;
;;;95000; SAINT OUEN L'AUMONE;49.0992941;2.1513279;ILE DE FRANCE;France;;;;;
;;;95000;SAINT PRIX;49.00917;2.26278;ILE DE FRANCE;France;;;;;
;;;95000;SAINT WITZ;49.09195;2.56889;ILE DE FRANCE;France;;;;;
;;;95000;SANNOIS;48.97472;2.25583;ILE DE FRANCE;France;;;;;
;;;95000;SANTEUIL;49.12528;1.95444;ILE DE FRANCE;France;;;;;
;;;95000;SARCELLES;48.99972;2.3775;ILE DE FRANCE;France;;;;;
;;;95000;SERAINCOURT;49.03556;1.86806;ILE DE FRANCE;France;;;;;
;;;95000;SEUGY;49.11945;2.39333;ILE DE FRANCE;France;;;;;
;;;95000;SOISY SOUS MONTMORENCY;48.98778;2.30111;ILE DE FRANCE;France;;;;;
;;;95000;SURVILLIERS;49.09667;2.54333;ILE DE FRANCE;France;;;;;
;;;95000;TAVERNY;49.02222;2.22528;ILE DE FRANCE;France;;;;;
;;;95000;THEMERICOURT;49.08556;1.89889;ILE DE FRANCE;France;;;;;
;;;95000;THEUVILLE;49.15361;2.07389;ILE DE FRANCE;France;;;;;
;;;95000;LE THILLAY;49.00611;2.4725;ILE DE FRANCE;France;;;;;
;;;95000;US;49.10083;1.96722;ILE DE FRANCE;France;;;;;
;;;95000;VALLANGOUJARD;49.13722;2.115;ILE DE FRANCE;France;;;;;
;;;95000;VALMONDOIS;49.09444;2.19194;ILE DE FRANCE;France;;;;;
;;;95000;VAUDHERLAND;49.00139;2.48639;ILE DE FRANCE;France;;;;;
;;;95000;VAUREAL;49.03472;2.03139;ILE DE FRANCE;France;;;;;
;;;95000;VEMARS;49.06972;2.57028;ILE DE FRANCE;France;;;;;
;;;95000;VETHEUIL;49.0625;1.70472;ILE DE FRANCE;France;;;;;
;;;95000;VIARMES;49.12556;2.37111;ILE DE FRANCE;France;;;;;
;;;95000;VIENNEEN ARTHIES;49.06667;1.735;ILE DE FRANCE;France;;;;;
;;;95000;VIGNY;49.07694;1.92917;ILE DE FRANCE;France;;;;;
;;;95000;VILLAINES SOUS BOIS;49.075;2.35806;ILE DE FRANCE;France;;;;;
;;;95000;VILLERON;49.05611;2.54278;ILE DE FRANCE;France;;;;;
;;;95000;VILLERSEN ARTHIES;49.08889;1.72667;ILE DE FRANCE;France;;;;;
;;;95000;VILLIERS ADAM;49.06306;2.23528;ILE DE FRANCE;France;;;;;
;;;95000;VILLIERS LE BEL;49.00583;2.38917;ILE DE FRANCE;France;;;;;
;;;95000;VILLIERS LE SEC;49.07139;2.39083;ILE DE FRANCE;France;;;;;
;;;95000;WY DIT JOLI VILLAGE;49.10389;1.835;ILE DE FRANCE;France;;;;;
